-- --------------------------------------------------------
-- Hôte:                         127.0.0.1
-- Version du serveur:           8.0.30 - MySQL Community Server - GPL
-- SE du serveur:                Win64
-- HeidiSQL Version:             12.1.0.6537
-- --------------------------------------------------------

/*!40101 SET @OLD_CHARACTER_SET_CLIENT=@@CHARACTER_SET_CLIENT */;
/*!40101 SET NAMES utf8 */;
/*!50503 SET NAMES utf8mb4 */;
/*!40103 SET @OLD_TIME_ZONE=@@TIME_ZONE */;
/*!40103 SET TIME_ZONE='+00:00' */;
/*!40014 SET @OLD_FOREIGN_KEY_CHECKS=@@FOREIGN_KEY_CHECKS, FOREIGN_KEY_CHECKS=0 */;
/*!40101 SET @OLD_SQL_MODE=@@SQL_MODE, SQL_MODE='NO_AUTO_VALUE_ON_ZERO' */;
/*!40111 SET @OLD_SQL_NOTES=@@SQL_NOTES, SQL_NOTES=0 */;


-- Listage de la structure de la base pour projet
CREATE DATABASE IF NOT EXISTS `projet` /*!40100 DEFAULT CHARACTER SET utf8mb4 COLLATE utf8mb4_0900_ai_ci */ /*!80016 DEFAULT ENCRYPTION='N' */;
USE `projet`;

-- Listage de la structure de table projet. adress
CREATE TABLE IF NOT EXISTS `adress` (
  `id` int NOT NULL AUTO_INCREMENT,
  `user_id` int DEFAULT NULL,
  `type` varchar(255) COLLATE utf8mb4_unicode_ci NOT NULL,
  `street` varchar(255) COLLATE utf8mb4_unicode_ci NOT NULL,
  `city` varchar(255) COLLATE utf8mb4_unicode_ci NOT NULL,
  `state` varchar(255) COLLATE utf8mb4_unicode_ci DEFAULT NULL,
  `postal_code` varchar(10) COLLATE utf8mb4_unicode_ci NOT NULL,
  `country` varchar(255) COLLATE utf8mb4_unicode_ci NOT NULL,
  `is_default_billing` tinyint(1) NOT NULL,
  `is_default_delivery` tinyint(1) NOT NULL,
  PRIMARY KEY (`id`),
  KEY `IDX_5CECC7BEA76ED395` (`user_id`),
  CONSTRAINT `FK_5CECC7BEA76ED395` FOREIGN KEY (`user_id`) REFERENCES `user` (`id`)
) ENGINE=InnoDB AUTO_INCREMENT=101 DEFAULT CHARSET=utf8mb4 COLLATE=utf8mb4_unicode_ci;

-- Listage des données de la table projet.adress : ~92 rows (environ)
INSERT INTO `adress` (`id`, `user_id`, `type`, `street`, `city`, `state`, `postal_code`, `country`, `is_default_billing`, `is_default_delivery`) VALUES
	(1, 17, 'delivery', 'test', 'test', 'azeaze', '67100', 'FR', 0, 0),
	(2, 18, 'delivery', 'test', 'test', 'azeaze', '67100', 'FR', 0, 0),
	(3, 18, 'billing', 'testaze', 'testaze', 'azeazeaze', '68200', 'FR', 0, 0),
	(4, 20, 'delivery', 'street', 'city', 'state', '67100', 'US', 1, 0),
	(5, 21, 'delivery', 'street', 'city', 'state', '67100', 'FR', 1, 0),
	(6, 21, 'billing', 'street2', 'city2', 'state', '67100', 'FR', 1, 0),
	(7, 26, 'delivery', 'street', 'City', 'state', '67100', 'FR', 0, 0),
	(8, 27, 'delivery', 'street', 'city', 'state', '67100', 'FR', 0, 0),
	(9, 28, 'delivery', 'street1', 'city1', 'state', '67100', 'FR', 0, 0),
	(10, 28, 'delivery', 'street2', 'city2', 'state2', '67100', 'FR', 0, 0),
	(11, 28, 'billing', 'street3', 'city3', 'state3', '67100', 'FR', 0, 0),
	(12, 28, 'billing', 'street4', 'city4', 'state4', '67100', 'FR', 0, 0),
	(13, 30, 'billing', 'street', 'city', 'state', '67100', 'FR', 0, 0),
	(14, 31, 'billing', 'street', 'city', 'state', '67100', 'FR', 0, 0),
	(15, 32, 'delivery', 'street', 'city', 'state', '67100', 'FR', 0, 0),
	(16, 32, 'billing', 'street', 'street', 'street', '67100', 'FR', 0, 0),
	(17, 33, 'delivery', 'street', 'street', 'street', '67100', 'FR', 1, 0),
	(18, 33, 'delivery', 'street', 'street', 'street', '67100', 'FR', 1, 0),
	(19, 34, 'delivery', 'street', 'city', 'state', '67100', 'FR', 1, 1),
	(20, 34, 'delivery', 'street', 'street', 'state', '67100', 'FR', 0, 0),
	(21, 35, 'delivery', 'street', 'street', 'street', '67100', 'FR', 1, 1),
	(22, 36, 'delivery', 'street', 'street', 'street', '67100', 'FR', 1, 1),
	(23, 37, 'billing', 'azeazeaz', 'ezaezae', 'azeaze', '67100', 'FR', 0, 0),
	(24, 38, 'billing', 'street', 'city', 'state', '67100', 'FR', 0, 0),
	(25, 39, 'delivery', 'street', 'city', 'state', '67100', 'FR', 0, 0),
	(26, 39, 'delivery', 'street', 'city', 'state', '67100', 'FR', 0, 0),
	(27, 40, 'delivery', 'tatat', 'tata', 'tata', '67100', 'FR', 0, 0),
	(28, 41, 'billing', 'tata', 'tata', 'tata', '67100', 'FR', 0, 0),
	(29, 42, 'delivery', 'tata', 'tata', 'tatat', '67100', 'FR', 0, 0),
	(30, 43, 'delivery', 'tata', 'tata', 'tata', 'tata', 'FR', 1, 1),
	(31, 44, 'delivery', 'test', 'test', 'azeaze', '67100', 'FR', 1, 1),
	(32, 44, 'delivery', 'test', 'test', 'azeaze', '67100', 'FR', 0, 0),
	(33, 45, 'delivery', 'test', 'test', 'azeaze', '67100', 'FR', 1, 1),
	(34, 45, 'delivery', 'test', 'test', 'azeaze', '67100', 'FR', 0, 0),
	(35, 46, 'delivery', 'test', 'test', 'azeaze', '67100', 'FR', 1, 1),
	(36, 46, 'delivery', 'test', 'test', 'azeaze', '67100', 'FR', 0, 0),
	(37, 47, 'delivery', 'test', 'test', 'azeaze', '67100', 'FR', 1, 1),
	(38, 47, 'delivery', 'test', 'test', 'azeaze', '67100', 'FR', 0, 0),
	(39, 48, 'delivery', 'test', 'test', 'azeaze', '67100', 'FR', 1, 1),
	(40, 49, 'delivery', 'test', 'test', 'azeaze', '67100', 'FR', 1, 1),
	(41, 50, 'delivery', 'test', 'test', 'azeaze', '67100', 'FR', 1, 1),
	(42, 50, 'delivery', 'test', 'test', 'azeaze', '67100', 'FR', 0, 0),
	(43, 50, 'delivery', 'test', 'test', 'azeaze', '67100', 'FR', 0, 0),
	(44, 50, 'billing', 'test', 'test', 'azeaze', '67100', 'FR', 0, 0),
	(45, 50, 'billing', 'test', 'test', 'azeaze', '67100', 'FR', 0, 0),
	(46, 51, 'delivery', 'test', 'test', 'azeaze', '67100', 'FR', 0, 0),
	(47, 51, 'delivery', 'test', 'test', 'azeaze', '67100', 'FR', 0, 0),
	(48, 51, 'billing', 'test', 'test', 'azeaze', '67100', 'FR', 0, 0),
	(49, 52, 'delivery', 'test', 'test', 'azeaze', '67100', 'FR', 1, 1),
	(50, 52, 'delivery', 'test', 'test', 'azeaze', '67100', 'FR', 0, 0),
	(51, 53, 'billing', 'test', 'test', 'azeaze', '67100', 'FR', 1, 1),
	(52, 53, 'delivery', 'azezaeza', 'azeaze', 'ezaeaz', '67100', 'FR', 0, 0),
	(53, 54, 'delivery', 'test', 'test', 'azeaze', '67100', 'FR', 0, 0),
	(54, 55, 'delivery', 'test', 'test', 'azeaze', '67100', 'FR', 0, 0),
	(55, 55, 'delivery', 'test', 'test', 'azeaze', '67100', 'FR', 0, 0),
	(56, 56, 'delivery', 'test', 'test', 'azeaze', '67100', 'FR', 1, 1),
	(57, 56, 'delivery', 'test', 'test', 'azeaze', '67100', 'FR', 0, 0),
	(58, 57, 'delivery', 'test', 'test', 'azeaze', '67100', 'FR', 0, 0),
	(59, 57, 'billing', 'test', 'test', 'azeaze', '67100', 'FR', 1, 0),
	(60, 58, 'delivery', 'coché', 'city', 'state', '67100', 'FR', 0, 1),
	(61, 58, 'delivery', 'pas coché', 'test', 'azeaze', '67100', 'FR', 0, 0),
	(62, 58, 'billing', 'coché', 'tzaraea', 'aze', '67100', 'FR', 1, 0),
	(63, 58, 'billing', 'pas coché', 'azeozak', 'oazkeaok', '67100', 'FR', 0, 0),
	(64, 59, 'delivery', 'coché', 'test', 'azeaze', '67100', 'FR', 0, 0),
	(65, 59, 'delivery', 'pas coché', 'test', 'azeaze', '67100', 'FR', 0, 0),
	(66, 59, 'billing', 'coché', 'test', 'azeaze', '67100', 'FR', 1, 0),
	(67, 59, 'billing', 'pas coché', 'test', 'azeaze', '67100', 'FR', 0, 0),
	(68, 60, 'delivery', 'delivery coché', 'teaze', 'tzaezae', '67100', 'FR', 0, 1),
	(69, 60, 'delivery', 'delivery pas coché', 'aztgazea', 'azezaea', '67100', 'FR', 0, 0),
	(70, 60, 'billing', 'billing coché', 'azraerdza', 'ezaezat', '67100', 'FR', 1, 0),
	(71, 60, 'billing', 'billing pas coché', 'azeazezaeatga', 'ggqszdg', '67100', 'FR', 0, 0),
	(72, 63, 'delivery', 'kaz 3 street', 'kaz 3 city', 'kaz 3 province', '67100', 'FR', 0, 1),
	(73, 66, 'delivery', 'Lareine', 'Lareine', 'Lareine', '67100', 'FR', 0, 1),
	(74, 61, 'delivery', 'Delivery', 'eazeza', 'eazeza', '67100', 'FR', 1, 1),
	(75, 61, 'delivery', 'Nouvelle adresse', 'test', 'azeaze', '67100', 'FR', 1, 0),
	(76, 61, 'delivery', 'Encore une nouvelle', 'City', 'State', '67100', 'FR', 0, 0),
	(77, 61, 'billing', 'Billing', 'LOL', 'azeaze', '67100', 'FR', 1, 1),
	(78, 67, 'delivery', 'Delivery', 'Test', 'test', '67100', 'FR', 0, 1),
	(79, 67, 'billing', 'Billing', 'Test', 'test', '67100', 'FR', 1, 1),
	(81, 68, 'billing', 'Billing 3', 'LOOL', 'state', '67100', 'FR', 1, 0),
	(82, 70, 'delivery', 'Delivery 2', 'test', 'azeaze', '67100', 'FR', 0, 1),
	(83, 71, 'delivery', 'Delivery', 'City', NULL, '67100', 'FR', 0, 1),
	(84, 71, 'billing', 'Billing 2', 'City', NULL, '67100', 'FR', 1, 0),
	(86, 72, 'billing', 'billing 2', 'test', 'test', '67100', 'FR', 1, 0),
	(87, 74, 'delivery', 'delivery', 'test', 'azeaze', '67100', 'FR', 0, 1),
	(88, 75, 'delivery', 'delivery1', 'azezaeza', 'ezaeaz', '67100', 'FR', 0, 1),
	(89, 75, 'billing', 'billing', 'test', 'azeaze', '67100', 'FR', 1, 0),
	(90, 76, 'delivery', 'Delivery1', 'Delivery', 'azeaze', '67100', 'FR', 0, 1),
	(91, 77, 'delivery', 'Delivery', 'test', 'azeaze', '67100', 'FR', 0, 1),
	(92, 77, 'billing', 'test', 'test', 'azeaze', '67100', 'FR', 1, 0),
	(97, 78, 'delivery', 'Delivery', 'test', 'azeaze', '67100', 'FR', 0, 1),
	(98, 78, 'billing', 'testzzz', 'test', 'azeaze', '67100', 'FR', 1, 0);

-- Listage de la structure de table projet. archived_order
CREATE TABLE IF NOT EXISTS `archived_order` (
  `id` int NOT NULL AUTO_INCREMENT,
  `archived_at` datetime NOT NULL,
  `user_name` varchar(255) COLLATE utf8mb4_unicode_ci NOT NULL,
  `address_details` longtext COLLATE utf8mb4_unicode_ci NOT NULL,
  `total` decimal(10,2) NOT NULL,
  `status` varchar(255) COLLATE utf8mb4_unicode_ci NOT NULL,
  `created_at` datetime NOT NULL,
  PRIMARY KEY (`id`)
) ENGINE=InnoDB AUTO_INCREMENT=35 DEFAULT CHARSET=utf8mb4 COLLATE=utf8mb4_unicode_ci;

-- Listage des données de la table projet.archived_order : ~34 rows (environ)
INSERT INTO `archived_order` (`id`, `archived_at`, `user_name`, `address_details`, `total`, `status`, `created_at`) VALUES
	(1, '2023-11-16 18:40:55', 'Kaz15', 'Information d\'adresse ici', 50.00, 'confirmed', '2023-11-16 18:36:33'),
	(2, '2023-11-16 20:31:13', 'Kaz15', 'test, test, azeaze, 67100, FR', 20.00, 'confirmed', '2023-11-16 20:17:58'),
	(3, '2023-11-16 20:36:49', 'Kaz15', 'test, test, azeaze, 67100, FR', 329.99, 'confirmed', '2023-11-16 20:36:01'),
	(4, '2023-11-16 20:40:55', 'Kaz15', 'test, test, azeaze, 67100, FR', 10.00, 'confirmed', '2023-11-16 20:40:35'),
	(5, '2023-11-16 21:03:18', 'Kaz15', 'test, test, azeaze, 67100, FR', 10.00, 'confirmed', '2023-11-16 21:03:01'),
	(6, '2023-11-16 22:05:38', 'Kaz15', 'Address not provided', 10.00, 'confirmed', '2023-11-16 22:05:20'),
	(7, '2023-11-16 22:08:00', 'Kaz15', 'Address not provided', 10.00, 'confirmed', '2023-11-16 22:07:45'),
	(8, '2023-11-16 22:19:12', 'Kaz15', 'Address not provided', 10.00, 'confirmed', '2023-11-16 22:18:56'),
	(9, '2023-11-16 22:26:27', 'Kaz15', 'Address not provided', 10.00, 'confirmed', '2023-11-16 22:26:10'),
	(10, '2023-11-16 22:49:16', 'Kaz15', 'test, test, azeaze, 67100, FR', 10.00, 'confirmed', '2023-11-16 22:48:48'),
	(11, '2023-11-16 22:51:48', 'Login1', 'Delivery, city, state, 67100, FR', 10.00, 'confirmed', '2023-11-16 22:51:35'),
	(12, '2023-11-16 22:52:44', 'Login1', 'Delivery, city, state, 67100, FR', 10.00, 'confirmed', '2023-11-16 22:52:29'),
	(13, '2023-11-16 22:54:05', 'Login1', 'Street, City, State, 67100, FR', 10.00, 'confirmed', '2023-11-16 22:53:50'),
	(14, '2023-11-16 22:55:54', 'Login1', 'Street Billing, City Billing, State Billing, 67100, FR', 10.00, 'confirmed', '2023-11-16 22:55:41'),
	(15, '2023-11-16 22:57:15', 'Login1', 'Street Billing, City Billing, State Billing, 67100, FR', 10.00, 'confirmed', '2023-11-16 22:56:58'),
	(16, '2023-11-16 22:57:58', 'Login1', 'Street Billing, City Billing, State Billing, 67100, FR', 10.00, 'confirmed', '2023-11-16 22:57:44'),
	(17, '2023-11-16 22:58:52', 'Login1', 'Street Billing, City Billing, State Billing, 67100, FR', 10.00, 'confirmed', '2023-11-16 22:58:38'),
	(18, '2023-11-16 23:38:50', 'Login1', 'Street Billing, City Billing, State Billing, 67100, FR', 10.00, 'confirmed', '2023-11-16 23:38:31'),
	(19, '2023-11-17 00:12:35', 'Login1', 'test, test, azeaze, 67100, FR', 10.00, 'confirmed', '2023-11-17 00:12:19'),
	(20, '2023-11-17 00:36:38', 'Login1', 'Address not provided', 10.00, 'confirmed', '2023-11-17 00:36:23'),
	(21, '2023-11-17 00:46:04', 'Login1', 'test, test, azeaze, 67100, FR', 10.00, 'confirmed', '2023-11-17 00:45:41'),
	(22, '2023-11-18 19:09:18', 'Login1', 'Delivery street, test, azeaze, 67100, FR', 20.00, 'confirmed', '2023-11-18 19:08:59'),
	(23, '2023-11-18 19:11:32', 'Login1', 'Billing, test, azeaze, 67100, FR', 10.00, 'confirmed', '2023-11-18 19:11:12'),
	(24, '2023-11-18 19:12:40', 'Login1', 'Billing, test, azeaze, 67100, FR', 10.00, 'confirmed', '2023-11-18 19:12:24'),
	(25, '2023-11-18 19:14:32', 'Login1', 'Billing, test, azeaze, 67100, FR', 20.00, 'confirmed', '2023-11-18 19:14:13'),
	(26, '2023-11-18 19:35:03', 'Login1', 'Billing, test, azeaze, 67100, FR', 10.00, 'confirmed', '2023-11-18 19:34:47'),
	(27, '2023-11-18 19:52:28', 'Login1', 'Address not provided', 10.00, 'confirmed', '2023-11-18 19:51:03'),
	(28, '2023-11-18 19:58:36', 'Login1', 'Address not provided', 20.00, 'confirmed', '2023-11-18 19:58:20'),
	(29, '2023-11-18 22:22:09', 'Login1', 'testzzz, test, azeaze, 67100, FR', 20.00, 'confirmed', '2023-11-18 22:21:52'),
	(30, '2023-11-18 22:23:47', 'Login1', 'testzzz, test, azeaze, 67100, FR', 10.00, 'confirmed', '2023-11-18 22:23:26'),
	(31, '2023-11-18 22:24:37', 'Login1', 'testzzz, test, azeaze, 67100, FR', 10.00, 'confirmed', '2023-11-18 22:24:21'),
	(32, '2023-11-19 18:54:33', 'Login1', 'testzzz, test, azeaze, 67100, FR', 30.00, 'confirmed', '2023-11-19 18:53:38'),
	(33, '2023-11-19 20:16:16', 'Kaz67', 'Delivery, test, azeaze, 67100, FR', 20.00, 'confirmed', '2023-11-19 20:15:58'),
	(34, '2023-11-19 22:26:19', 'Kaz67', 'Delivery 2, test, azeaze, 67100, FR', 70.00, 'confirmed', '2023-11-19 22:24:55');

-- Listage de la structure de table projet. archived_order_detail
CREATE TABLE IF NOT EXISTS `archived_order_detail` (
  `id` int NOT NULL AUTO_INCREMENT,
  `archived_order_id` int NOT NULL,
  `product_name` varchar(255) COLLATE utf8mb4_unicode_ci NOT NULL,
  `price` decimal(10,2) NOT NULL,
  `quantity` int NOT NULL,
  PRIMARY KEY (`id`),
  KEY `IDX_4271C0587765132B` (`archived_order_id`),
  CONSTRAINT `FK_4271C0587765132B` FOREIGN KEY (`archived_order_id`) REFERENCES `archived_order` (`id`)
) ENGINE=InnoDB AUTO_INCREMENT=39 DEFAULT CHARSET=utf8mb4 COLLATE=utf8mb4_unicode_ci;

-- Listage des données de la table projet.archived_order_detail : ~38 rows (environ)
INSERT INTO `archived_order_detail` (`id`, `archived_order_id`, `product_name`, `price`, `quantity`) VALUES
	(1, 1, 'name product', 10.00, 2),
	(2, 1, 'lol', 30.00, 1),
	(3, 2, 'name product', 10.00, 2),
	(4, 3, 'name product', 10.00, 3),
	(5, 3, 'Produit de test', 299.99, 1),
	(6, 4, 'name product', 10.00, 1),
	(7, 5, 'name product', 10.00, 1),
	(8, 6, 'name product', 10.00, 1),
	(9, 7, 'name product', 10.00, 1),
	(10, 8, 'name product', 10.00, 1),
	(11, 9, 'name product', 10.00, 1),
	(12, 10, 'name product', 10.00, 1),
	(13, 11, 'name product', 10.00, 1),
	(14, 12, 'name product', 10.00, 1),
	(15, 13, 'name product', 10.00, 1),
	(16, 14, 'name product', 10.00, 1),
	(17, 15, 'name product', 10.00, 1),
	(18, 16, 'name product', 10.00, 1),
	(19, 17, 'name product', 10.00, 1),
	(20, 18, 'name product', 10.00, 1),
	(21, 19, 'name product', 10.00, 1),
	(22, 20, 'name product', 10.00, 1),
	(23, 21, 'name product', 10.00, 1),
	(24, 22, 'name product', 10.00, 2),
	(25, 23, 'name product', 10.00, 1),
	(26, 24, 'name product', 10.00, 1),
	(27, 25, 'name product', 10.00, 2),
	(28, 26, 'name product', 10.00, 1),
	(29, 27, 'name product', 10.00, 1),
	(30, 28, 'name product', 10.00, 2),
	(31, 29, 'name product', 10.00, 2),
	(32, 30, 'name product', 10.00, 1),
	(33, 31, 'name product', 10.00, 1),
	(34, 32, 'name product', 10.00, 3),
	(35, 33, 'name product', 10.00, 2),
	(36, 34, 'name product', 10.00, 2),
	(37, 34, 'lol', 30.00, 1),
	(38, 34, 'am', 20.00, 1);

-- Listage de la structure de table projet. category
CREATE TABLE IF NOT EXISTS `category` (
  `id` int NOT NULL AUTO_INCREMENT,
  `name` varchar(255) COLLATE utf8mb4_unicode_ci NOT NULL,
  `description` longtext COLLATE utf8mb4_unicode_ci,
  `created_at` datetime NOT NULL COMMENT '(DC2Type:datetime_immutable)',
  `updated_at` datetime NOT NULL COMMENT '(DC2Type:datetime_immutable)',
  PRIMARY KEY (`id`)
) ENGINE=InnoDB AUTO_INCREMENT=2 DEFAULT CHARSET=utf8mb4 COLLATE=utf8mb4_unicode_ci;

-- Listage des données de la table projet.category : ~1 rows (environ)
INSERT INTO `category` (`id`, `name`, `description`, `created_at`, `updated_at`) VALUES
	(1, 'testDescription', 'description details', '2023-10-26 19:52:56', '2023-10-26 19:52:56');

-- Listage de la structure de table projet. doctrine_migration_versions
CREATE TABLE IF NOT EXISTS `doctrine_migration_versions` (
  `version` varchar(191) COLLATE utf8mb3_unicode_ci NOT NULL,
  `executed_at` datetime DEFAULT NULL,
  `execution_time` int DEFAULT NULL,
  PRIMARY KEY (`version`)
) ENGINE=InnoDB DEFAULT CHARSET=utf8mb3 COLLATE=utf8mb3_unicode_ci;

-- Listage des données de la table projet.doctrine_migration_versions : ~12 rows (environ)
INSERT INTO `doctrine_migration_versions` (`version`, `executed_at`, `execution_time`) VALUES
	('DoctrineMigrations\\Version20231019031655', '2023-10-19 05:17:08', 62),
	('DoctrineMigrations\\Version20231019044001', '2023-10-19 06:40:11', 87),
	('DoctrineMigrations\\Version20231105160036', '2023-11-05 17:00:47', 69),
	('DoctrineMigrations\\Version20231105225723', '2023-11-06 00:11:20', 50),
	('DoctrineMigrations\\Version20231107105329', '2023-11-07 11:53:43', 227),
	('DoctrineMigrations\\Version20231107120531', '2023-11-07 13:05:40', 33),
	('DoctrineMigrations\\Version20231107132912', '2023-11-07 14:29:19', 54),
	('DoctrineMigrations\\Version20231114222413', '2023-11-14 23:24:44', 202),
	('DoctrineMigrations\\Version20231114222758', '2023-11-14 23:28:10', 42),
	('DoctrineMigrations\\Version20231116173926', '2023-11-16 18:39:38', 121),
	('DoctrineMigrations\\Version20231116183725', '2023-11-16 19:37:36', 23),
	('DoctrineMigrations\\Version20231116193002', '2023-11-16 20:30:19', 16),
	('DoctrineMigrations\\Version20231118185151', '2023-11-18 19:52:02', 59),
	('DoctrineMigrations\\Version20231118190801', '2023-11-18 20:09:30', 16),
	('DoctrineMigrations\\Version20231119173029', '2023-11-19 18:30:34', 202);

-- Listage de la structure de table projet. order
CREATE TABLE IF NOT EXISTS `order` (
  `id` int NOT NULL AUTO_INCREMENT,
  `user_id` int NOT NULL,
  `total_price` decimal(10,2) NOT NULL,
  `status` varchar(255) COLLATE utf8mb4_unicode_ci NOT NULL,
  `created_at` datetime NOT NULL COMMENT '(DC2Type:datetime_immutable)',
  `updated_at` datetime NOT NULL COMMENT '(DC2Type:datetime_immutable)',
  PRIMARY KEY (`id`),
  KEY `IDX_F5299398A76ED395` (`user_id`),
  CONSTRAINT `FK_F5299398A76ED395` FOREIGN KEY (`user_id`) REFERENCES `user` (`id`)
) ENGINE=InnoDB AUTO_INCREMENT=202 DEFAULT CHARSET=utf8mb4 COLLATE=utf8mb4_unicode_ci;

-- Listage des données de la table projet.order : ~201 rows (environ)
INSERT INTO `order` (`id`, `user_id`, `total_price`, `status`, `created_at`, `updated_at`) VALUES
	(1, 60, 20.00, 'pending', '2023-11-07 20:08:25', '2023-11-07 20:08:25'),
	(2, 60, 30.00, 'pending', '2023-11-07 20:13:19', '2023-11-07 20:13:19'),
	(3, 60, 40.00, 'pending', '2023-11-07 20:37:43', '2023-11-07 20:37:43'),
	(4, 60, 50.00, 'pending', '2023-11-07 20:47:34', '2023-11-07 20:47:34'),
	(5, 60, 30.00, 'pending', '2023-11-07 20:48:10', '2023-11-07 20:48:10'),
	(6, 60, 20.00, 'pending', '2023-11-07 21:10:25', '2023-11-07 21:10:25'),
	(7, 60, 90.00, 'pending', '2023-11-07 21:26:07', '2023-11-07 21:26:07'),
	(8, 60, 30.00, 'pending', '2023-11-07 21:38:47', '2023-11-07 21:38:47'),
	(9, 60, 20.00, 'pending', '2023-11-07 21:39:25', '2023-11-07 21:39:25'),
	(10, 60, 20.00, 'pending', '2023-11-07 21:40:01', '2023-11-07 21:40:01'),
	(11, 60, 50.00, 'pending', '2023-11-07 21:40:44', '2023-11-07 21:40:44'),
	(12, 61, 10.00, 'pending', '2023-11-07 22:11:31', '2023-11-07 22:11:31'),
	(13, 61, 30.00, 'pending', '2023-11-07 22:14:39', '2023-11-07 22:14:39'),
	(14, 61, 10.00, 'pending', '2023-11-07 23:26:17', '2023-11-07 23:26:17'),
	(15, 61, 30.00, 'pending', '2023-11-07 23:36:41', '2023-11-07 23:36:41'),
	(16, 61, 30.00, 'pending', '2023-11-07 23:38:49', '2023-11-07 23:38:49'),
	(17, 61, 20.00, 'pending', '2023-11-07 23:51:22', '2023-11-07 23:51:22'),
	(18, 62, 30.00, 'pending', '2023-11-09 06:45:26', '2023-11-09 06:45:26'),
	(19, 61, 10.00, 'pending', '2023-11-09 06:47:27', '2023-11-09 06:47:27'),
	(20, 61, 10.00, 'pending', '2023-11-09 07:56:00', '2023-11-09 07:56:00'),
	(21, 61, 10.00, 'pending', '2023-11-09 21:13:13', '2023-11-09 21:13:13'),
	(22, 61, 50.00, 'pending', '2023-11-09 23:36:19', '2023-11-09 23:36:19'),
	(23, 61, 10.00, 'pending', '2023-11-11 15:30:36', '2023-11-11 15:30:36'),
	(24, 61, 40.00, 'pending', '2023-11-12 05:58:11', '2023-11-12 05:58:11'),
	(25, 61, 50.00, 'pending', '2023-11-12 06:09:22', '2023-11-12 06:09:22'),
	(26, 61, 50.00, 'pending', '2023-11-12 06:10:16', '2023-11-12 06:10:16'),
	(27, 61, 60.00, 'pending', '2023-11-12 06:23:31', '2023-11-12 06:23:31'),
	(28, 61, 60.00, 'pending', '2023-11-12 06:31:53', '2023-11-12 06:31:53'),
	(29, 61, 70.00, 'pending', '2023-11-12 06:47:47', '2023-11-12 06:47:47'),
	(30, 61, 80.00, 'pending', '2023-11-12 17:22:23', '2023-11-12 17:22:23'),
	(31, 61, 80.00, 'pending', '2023-11-12 17:22:42', '2023-11-12 17:22:42'),
	(32, 61, 90.00, 'pending', '2023-11-12 17:31:08', '2023-11-12 17:31:08'),
	(33, 61, 100.00, 'pending', '2023-11-12 17:41:52', '2023-11-12 17:41:52'),
	(34, 61, 130.00, 'pending', '2023-11-12 17:47:02', '2023-11-12 17:47:02'),
	(35, 61, 150.00, 'pending', '2023-11-12 17:55:36', '2023-11-12 17:55:36'),
	(36, 61, 150.00, 'pending', '2023-11-12 18:08:07', '2023-11-12 18:08:07'),
	(37, 61, 150.00, 'pending', '2023-11-12 18:11:39', '2023-11-12 18:11:39'),
	(38, 61, 150.00, 'pending', '2023-11-12 18:12:45', '2023-11-12 18:12:45'),
	(39, 61, 150.00, 'pending', '2023-11-12 18:18:00', '2023-11-12 18:18:00'),
	(40, 61, 160.00, 'pending', '2023-11-12 18:20:34', '2023-11-12 18:20:34'),
	(41, 61, 170.00, 'pending', '2023-11-12 18:29:09', '2023-11-12 18:29:09'),
	(42, 61, 170.00, 'pending', '2023-11-12 18:31:04', '2023-11-12 18:31:04'),
	(43, 61, 170.00, 'pending', '2023-11-12 18:36:08', '2023-11-12 18:36:08'),
	(44, 61, 170.00, 'pending', '2023-11-12 18:36:18', '2023-11-12 18:36:18'),
	(45, 61, 170.00, 'pending', '2023-11-12 18:36:39', '2023-11-12 18:36:39'),
	(46, 61, 170.00, 'pending', '2023-11-12 18:37:28', '2023-11-12 18:37:28'),
	(47, 64, 10.00, 'pending', '2023-11-12 18:39:47', '2023-11-12 18:39:47'),
	(48, 61, 170.00, 'pending', '2023-11-12 19:00:05', '2023-11-12 19:00:05'),
	(49, 61, 180.00, 'pending', '2023-11-12 20:54:26', '2023-11-12 20:54:26'),
	(50, 61, 190.00, 'pending', '2023-11-12 20:57:29', '2023-11-12 20:57:29'),
	(51, 61, 200.00, 'confirmed', '2023-11-12 21:14:57', '2023-11-12 21:15:17'),
	(52, 61, 10.00, 'confirmed', '2023-11-12 21:17:01', '2023-11-12 21:17:33'),
	(53, 61, 30.00, 'confirmed', '2023-11-12 21:23:30', '2023-11-12 21:23:54'),
	(54, 65, 10.00, 'pending', '2023-11-12 21:37:38', '2023-11-12 21:37:38'),
	(55, 65, 10.00, 'confirmed', '2023-11-12 21:38:03', '2023-11-12 21:38:27'),
	(56, 65, 10.00, 'confirmed', '2023-11-12 21:39:41', '2023-11-12 22:48:05'),
	(57, 65, 10.00, 'confirmed', '2023-11-12 23:05:22', '2023-11-12 23:05:39'),
	(58, 65, 40.00, 'pending', '2023-11-12 23:38:16', '2023-11-12 23:38:16'),
	(59, 65, 60.00, 'pending', '2023-11-12 23:38:55', '2023-11-12 23:38:55'),
	(60, 65, 60.00, 'confirmed', '2023-11-12 23:39:06', '2023-11-12 23:39:29'),
	(61, 65, 20.00, 'confirmed', '2023-11-12 23:55:18', '2023-11-12 23:55:38'),
	(62, 65, 10.00, 'confirmed', '2023-11-13 00:15:57', '2023-11-13 00:16:22'),
	(63, 65, 40.00, 'confirmed', '2023-11-13 00:52:22', '2023-11-13 00:52:46'),
	(64, 65, 10.00, 'confirmed', '2023-11-13 01:11:16', '2023-11-13 01:11:42'),
	(65, 65, 10.00, 'pending', '2023-11-13 01:35:50', '2023-11-13 01:35:50'),
	(66, 65, 20.00, 'pending', '2023-11-13 01:46:55', '2023-11-13 01:46:55'),
	(67, 65, 30.00, 'confirmed', '2023-11-13 01:51:02', '2023-11-13 01:51:18'),
	(68, 65, 10.00, 'confirmed', '2023-11-13 01:52:11', '2023-11-13 01:52:31'),
	(69, 65, 30.00, 'confirmed', '2023-11-13 01:56:12', '2023-11-13 01:56:40'),
	(70, 61, 10.00, 'confirmed', '2023-11-13 11:14:34', '2023-11-13 11:15:20'),
	(71, 61, 10.00, 'confirmed', '2023-11-13 11:52:08', '2023-11-13 11:52:40'),
	(72, 61, 10.00, 'confirmed', '2023-11-13 13:24:41', '2023-11-13 13:25:01'),
	(73, 61, 10.00, 'confirmed', '2023-11-13 13:26:18', '2023-11-13 13:26:36'),
	(74, 61, 10.00, 'confirmed', '2023-11-13 14:03:39', '2023-11-13 14:04:04'),
	(75, 61, 10.00, 'confirmed', '2023-11-13 14:26:55', '2023-11-13 14:27:12'),
	(76, 61, 10.00, 'pending', '2023-11-13 15:11:35', '2023-11-13 15:11:35'),
	(77, 61, 10.00, 'pending', '2023-11-13 15:42:59', '2023-11-13 15:42:59'),
	(78, 61, 10.00, 'confirmed', '2023-11-13 16:03:17', '2023-11-13 16:26:00'),
	(79, 61, 10.00, 'pending', '2023-11-13 16:25:41', '2023-11-13 16:25:41'),
	(80, 61, 10.00, 'pending', '2023-11-13 16:29:11', '2023-11-13 16:29:11'),
	(81, 61, 10.00, 'pending', '2023-11-13 16:33:30', '2023-11-13 16:33:30'),
	(82, 61, 20.00, 'pending', '2023-11-13 17:39:24', '2023-11-13 17:39:24'),
	(83, 61, 10.00, 'pending', '2023-11-13 17:40:59', '2023-11-13 17:40:59'),
	(84, 61, 20.00, 'pending', '2023-11-13 17:43:22', '2023-11-13 17:43:22'),
	(85, 61, 10.00, 'confirmed', '2023-11-13 17:52:05', '2023-11-13 17:52:22'),
	(86, 61, 40.00, 'confirmed', '2023-11-13 17:53:18', '2023-11-13 17:53:48'),
	(87, 61, 20.00, 'confirmed', '2023-11-13 18:15:08', '2023-11-13 18:15:25'),
	(88, 61, 10.00, 'confirmed', '2023-11-13 18:30:31', '2023-11-13 18:30:48'),
	(89, 61, 20.00, 'confirmed', '2023-11-13 18:40:56', '2023-11-13 18:41:20'),
	(90, 68, 10.00, 'confirmed', '2023-11-13 19:10:17', '2023-11-13 19:10:34'),
	(91, 68, 10.00, 'confirmed', '2023-11-13 20:10:39', '2023-11-13 20:11:01'),
	(92, 70, 10.00, 'confirmed', '2023-11-14 09:03:54', '2023-11-14 09:04:10'),
	(93, 70, 120.00, 'confirmed', '2023-11-14 12:32:41', '2023-11-14 12:32:59'),
	(94, 71, 50.00, 'confirmed', '2023-11-14 13:24:12', '2023-11-14 13:24:51'),
	(95, 72, 40.00, 'confirmed', '2023-11-14 13:40:14', '2023-11-14 13:41:06'),
	(96, 72, 10.00, 'confirmed', '2023-11-14 13:43:53', '2023-11-14 13:44:10'),
	(97, 74, 20.00, 'confirmed', '2023-11-14 18:29:47', '2023-11-14 18:30:08'),
	(98, 75, 30.00, 'confirmed', '2023-11-14 21:30:20', '2023-11-14 21:30:41'),
	(99, 75, 20.00, 'confirmed', '2023-11-14 21:31:42', '2023-11-14 21:32:12'),
	(100, 75, 10.00, 'confirmed', '2023-11-14 21:48:12', '2023-11-14 21:48:32'),
	(101, 76, 10.00, 'confirmed', '2023-11-14 21:57:09', '2023-11-14 21:59:12'),
	(102, 76, 20.00, 'confirmed', '2023-11-14 22:00:49', '2023-11-14 22:01:15'),
	(103, 76, 20.00, 'pending', '2023-11-14 22:17:05', '2023-11-14 22:17:05'),
	(104, 76, 20.00, 'pending', '2023-11-14 22:17:11', '2023-11-14 22:17:11'),
	(105, 76, 20.00, 'pending', '2023-11-14 22:17:17', '2023-11-14 22:17:17'),
	(106, 76, 20.00, 'pending', '2023-11-14 22:17:42', '2023-11-14 22:17:42'),
	(107, 76, 20.00, 'pending', '2023-11-14 22:18:05', '2023-11-14 22:18:05'),
	(108, 77, 40.00, 'confirmed', '2023-11-16 11:48:26', '2023-11-16 11:51:06'),
	(109, 77, 50.00, 'confirmed', '2023-11-16 18:36:33', '2023-11-16 18:40:55'),
	(110, 77, 20.00, 'pending', '2023-11-16 19:32:26', '2023-11-16 19:32:26'),
	(111, 77, 20.00, 'pending', '2023-11-16 19:38:34', '2023-11-16 19:38:34'),
	(112, 77, 20.00, 'pending', '2023-11-16 19:45:24', '2023-11-16 19:45:24'),
	(113, 77, 20.00, 'confirmed', '2023-11-16 20:17:58', '2023-11-16 20:31:13'),
	(114, 77, 329.99, 'confirmed', '2023-11-16 20:36:01', '2023-11-16 20:36:49'),
	(115, 77, 10.00, 'confirmed', '2023-11-16 20:40:35', '2023-11-16 20:40:55'),
	(116, 77, 10.00, 'confirmed', '2023-11-16 21:03:01', '2023-11-16 21:03:18'),
	(117, 77, 10.00, 'confirmed', '2023-11-16 22:05:20', '2023-11-16 22:05:38'),
	(118, 77, 10.00, 'confirmed', '2023-11-16 22:07:45', '2023-11-16 22:08:00'),
	(119, 77, 10.00, 'pending', '2023-11-16 22:10:53', '2023-11-16 22:10:53'),
	(120, 77, 10.00, 'confirmed', '2023-11-16 22:18:56', '2023-11-16 22:19:12'),
	(121, 77, 10.00, 'confirmed', '2023-11-16 22:26:10', '2023-11-16 22:26:27'),
	(122, 77, 10.00, 'confirmed', '2023-11-16 22:48:48', '2023-11-16 22:49:16'),
	(123, 78, 10.00, 'confirmed', '2023-11-16 22:51:35', '2023-11-16 22:51:48'),
	(124, 78, 10.00, 'confirmed', '2023-11-16 22:52:29', '2023-11-16 22:52:44'),
	(125, 78, 10.00, 'confirmed', '2023-11-16 22:53:50', '2023-11-16 22:54:05'),
	(126, 78, 10.00, 'confirmed', '2023-11-16 22:55:41', '2023-11-16 22:55:54'),
	(127, 78, 10.00, 'confirmed', '2023-11-16 22:56:58', '2023-11-16 22:57:15'),
	(128, 78, 10.00, 'confirmed', '2023-11-16 22:57:44', '2023-11-16 22:57:58'),
	(129, 78, 10.00, 'confirmed', '2023-11-16 22:58:38', '2023-11-16 22:58:53'),
	(130, 78, 10.00, 'pending', '2023-11-16 23:16:22', '2023-11-16 23:16:22'),
	(131, 78, 10.00, 'pending', '2023-11-16 23:23:38', '2023-11-16 23:23:38'),
	(132, 78, 10.00, 'pending', '2023-11-16 23:23:48', '2023-11-16 23:23:48'),
	(133, 78, 10.00, 'pending', '2023-11-16 23:23:55', '2023-11-16 23:23:55'),
	(134, 78, 10.00, 'pending', '2023-11-16 23:32:48', '2023-11-16 23:32:48'),
	(135, 78, 10.00, 'confirmed', '2023-11-16 23:38:31', '2023-11-16 23:38:50'),
	(136, 78, 10.00, 'pending', '2023-11-16 23:52:40', '2023-11-16 23:52:40'),
	(137, 78, 10.00, 'pending', '2023-11-16 23:59:11', '2023-11-16 23:59:11'),
	(138, 78, 10.00, 'pending', '2023-11-17 00:08:07', '2023-11-17 00:08:07'),
	(139, 78, 10.00, 'pending', '2023-11-17 00:08:26', '2023-11-17 00:08:26'),
	(140, 78, 10.00, 'confirmed', '2023-11-17 00:12:19', '2023-11-17 00:12:35'),
	(141, 78, 10.00, 'pending', '2023-11-17 00:27:57', '2023-11-17 00:27:57'),
	(142, 78, 10.00, 'confirmed', '2023-11-17 00:36:23', '2023-11-17 00:36:38'),
	(143, 78, 10.00, 'confirmed', '2023-11-17 00:45:41', '2023-11-17 00:46:04'),
	(144, 78, 20.00, 'confirmed', '2023-11-18 19:08:59', '2023-11-18 19:09:18'),
	(145, 78, 10.00, 'confirmed', '2023-11-18 19:11:12', '2023-11-18 19:11:32'),
	(146, 78, 10.00, 'confirmed', '2023-11-18 19:12:24', '2023-11-18 19:12:41'),
	(147, 78, 20.00, 'confirmed', '2023-11-18 19:14:13', '2023-11-18 19:14:32'),
	(148, 78, 10.00, 'confirmed', '2023-11-18 19:34:47', '2023-11-18 19:35:03'),
	(149, 78, 10.00, 'confirmed', '2023-11-18 19:51:03', '2023-11-18 19:52:28'),
	(150, 78, 20.00, 'confirmed', '2023-11-18 19:58:20', '2023-11-18 19:58:36'),
	(151, 78, 10.00, 'pending', '2023-11-18 20:07:17', '2023-11-18 20:07:17'),
	(152, 78, 10.00, 'pending', '2023-11-18 20:07:21', '2023-11-18 20:07:21'),
	(153, 78, 10.00, 'pending', '2023-11-18 20:07:27', '2023-11-18 20:07:27'),
	(154, 78, 10.00, 'pending', '2023-11-18 20:11:55', '2023-11-18 20:11:55'),
	(155, 78, 20.00, 'pending', '2023-11-18 21:01:43', '2023-11-18 21:01:43'),
	(156, 78, 20.00, 'pending', '2023-11-18 21:13:58', '2023-11-18 21:13:58'),
	(157, 78, 20.00, 'pending', '2023-11-18 21:14:03', '2023-11-18 21:14:03'),
	(158, 78, 20.00, 'pending', '2023-11-18 21:14:09', '2023-11-18 21:14:09'),
	(159, 78, 20.00, 'pending', '2023-11-18 21:14:16', '2023-11-18 21:14:16'),
	(160, 78, 20.00, 'pending', '2023-11-18 21:14:35', '2023-11-18 21:14:35'),
	(161, 78, 20.00, 'pending', '2023-11-18 21:14:39', '2023-11-18 21:14:39'),
	(162, 78, 20.00, 'pending', '2023-11-18 21:14:43', '2023-11-18 21:14:43'),
	(163, 78, 20.00, 'pending', '2023-11-18 21:14:49', '2023-11-18 21:14:49'),
	(164, 78, 20.00, 'pending', '2023-11-18 21:14:55', '2023-11-18 21:14:55'),
	(165, 78, 20.00, 'pending', '2023-11-18 21:16:02', '2023-11-18 21:16:02'),
	(166, 78, 20.00, 'pending', '2023-11-18 21:17:39', '2023-11-18 21:17:39'),
	(167, 78, 20.00, 'pending', '2023-11-18 21:17:45', '2023-11-18 21:17:45'),
	(168, 78, 20.00, 'pending', '2023-11-18 21:17:49', '2023-11-18 21:17:49'),
	(169, 78, 20.00, 'pending', '2023-11-18 21:18:02', '2023-11-18 21:18:02'),
	(170, 78, 20.00, 'pending', '2023-11-18 21:18:08', '2023-11-18 21:18:08'),
	(171, 78, 20.00, 'pending', '2023-11-18 21:21:47', '2023-11-18 21:21:47'),
	(172, 78, 20.00, 'pending', '2023-11-18 21:21:51', '2023-11-18 21:21:51'),
	(173, 78, 20.00, 'pending', '2023-11-18 21:21:58', '2023-11-18 21:21:58'),
	(174, 78, 20.00, 'pending', '2023-11-18 21:22:03', '2023-11-18 21:22:03'),
	(175, 78, 20.00, 'pending', '2023-11-18 21:23:24', '2023-11-18 21:23:24'),
	(176, 78, 20.00, 'pending', '2023-11-18 21:23:25', '2023-11-18 21:23:25'),
	(177, 78, 20.00, 'pending', '2023-11-18 21:35:00', '2023-11-18 21:35:00'),
	(178, 78, 20.00, 'pending', '2023-11-18 21:35:35', '2023-11-18 21:35:35'),
	(179, 78, 20.00, 'pending', '2023-11-18 21:35:39', '2023-11-18 21:35:39'),
	(180, 78, 20.00, 'pending', '2023-11-18 21:35:45', '2023-11-18 21:35:45'),
	(181, 78, 20.00, 'pending', '2023-11-18 21:35:50', '2023-11-18 21:35:50'),
	(182, 78, 20.00, 'pending', '2023-11-18 21:39:02', '2023-11-18 21:39:02'),
	(183, 78, 20.00, 'pending', '2023-11-18 21:40:53', '2023-11-18 21:40:53'),
	(184, 78, 20.00, 'pending', '2023-11-18 22:01:56', '2023-11-18 22:01:56'),
	(185, 78, 20.00, 'pending', '2023-11-18 22:05:26', '2023-11-18 22:05:26'),
	(186, 78, 20.00, 'pending', '2023-11-18 22:05:49', '2023-11-18 22:05:49'),
	(187, 78, 20.00, 'pending', '2023-11-18 22:05:55', '2023-11-18 22:05:55'),
	(188, 78, 20.00, 'pending', '2023-11-18 22:06:00', '2023-11-18 22:06:00'),
	(189, 78, 20.00, 'pending', '2023-11-18 22:07:13', '2023-11-18 22:07:13'),
	(190, 78, 20.00, 'pending', '2023-11-18 22:07:18', '2023-11-18 22:07:18'),
	(191, 78, 20.00, 'pending', '2023-11-18 22:21:31', '2023-11-18 22:21:31'),
	(192, 78, 20.00, 'pending', '2023-11-18 22:21:44', '2023-11-18 22:21:44'),
	(193, 78, 20.00, 'confirmed', '2023-11-18 22:21:52', '2023-11-18 22:22:09'),
	(194, 78, 10.00, 'pending', '2023-11-18 22:23:15', '2023-11-18 22:23:15'),
	(195, 78, 10.00, 'confirmed', '2023-11-18 22:23:26', '2023-11-18 22:23:47'),
	(196, 78, 10.00, 'confirmed', '2023-11-18 22:24:21', '2023-11-18 22:24:37'),
	(197, 78, 10.00, 'pending', '2023-11-19 18:41:55', '2023-11-19 18:41:55'),
	(198, 78, 20.00, 'pending', '2023-11-19 18:51:21', '2023-11-19 18:51:21'),
	(199, 78, 30.00, 'confirmed', '2023-11-19 18:53:38', '2023-11-19 18:54:33'),
	(200, 79, 20.00, 'confirmed', '2023-11-19 20:15:58', '2023-11-19 20:16:16'),
	(201, 79, 70.00, 'confirmed', '2023-11-19 22:24:55', '2023-11-19 22:26:19');

-- Listage de la structure de table projet. order_detail
CREATE TABLE IF NOT EXISTS `order_detail` (
  `id` int NOT NULL AUTO_INCREMENT,
  `order_id` int NOT NULL,
  `quantity` int NOT NULL,
  `price` decimal(10,2) NOT NULL,
  `subtotal` decimal(10,2) NOT NULL,
  `product_id` int NOT NULL,
  PRIMARY KEY (`id`),
  KEY `IDX_ED896F468D9F6D38` (`order_id`),
  KEY `IDX_ED896F464584665A` (`product_id`),
  CONSTRAINT `FK_ED896F464584665A` FOREIGN KEY (`product_id`) REFERENCES `product` (`id`),
  CONSTRAINT `FK_ED896F468D9F6D38` FOREIGN KEY (`order_id`) REFERENCES `order` (`id`)
) ENGINE=InnoDB AUTO_INCREMENT=257 DEFAULT CHARSET=utf8mb4 COLLATE=utf8mb4_unicode_ci;

-- Listage des données de la table projet.order_detail : ~256 rows (environ)
INSERT INTO `order_detail` (`id`, `order_id`, `quantity`, `price`, `subtotal`, `product_id`) VALUES
	(1, 1, 1, 20.00, 20.00, 5),
	(2, 2, 1, 30.00, 30.00, 2),
	(3, 3, 2, 20.00, 40.00, 3),
	(4, 4, 1, 20.00, 20.00, 3),
	(5, 4, 1, 30.00, 30.00, 2),
	(6, 5, 1, 30.00, 30.00, 2),
	(7, 6, 1, 20.00, 20.00, 4),
	(8, 7, 1, 20.00, 20.00, 7),
	(9, 7, 2, 20.00, 40.00, 5),
	(10, 7, 1, 30.00, 30.00, 2),
	(11, 8, 1, 30.00, 30.00, 2),
	(12, 9, 1, 20.00, 20.00, 4),
	(13, 10, 1, 20.00, 20.00, 5),
	(14, 11, 1, 30.00, 30.00, 2),
	(15, 11, 1, 20.00, 20.00, 5),
	(16, 12, 1, 10.00, 10.00, 1),
	(17, 13, 1, 30.00, 30.00, 2),
	(18, 14, 1, 10.00, 10.00, 1),
	(19, 15, 1, 30.00, 30.00, 2),
	(20, 16, 1, 30.00, 30.00, 2),
	(21, 17, 2, 10.00, 20.00, 1),
	(22, 18, 3, 10.00, 30.00, 1),
	(23, 19, 1, 10.00, 10.00, 1),
	(24, 20, 1, 10.00, 10.00, 1),
	(25, 21, 1, 10.00, 10.00, 1),
	(26, 22, 1, 30.00, 30.00, 2),
	(27, 22, 2, 10.00, 20.00, 1),
	(28, 23, 1, 10.00, 10.00, 1),
	(29, 24, 4, 10.00, 40.00, 1),
	(30, 25, 5, 10.00, 50.00, 1),
	(31, 26, 5, 10.00, 50.00, 1),
	(32, 27, 6, 10.00, 60.00, 1),
	(33, 28, 6, 10.00, 60.00, 1),
	(34, 29, 7, 10.00, 70.00, 1),
	(35, 30, 8, 10.00, 80.00, 1),
	(36, 31, 8, 10.00, 80.00, 1),
	(37, 32, 9, 10.00, 90.00, 1),
	(38, 33, 10, 10.00, 100.00, 1),
	(39, 34, 1, 30.00, 30.00, 2),
	(40, 34, 10, 10.00, 100.00, 1),
	(41, 35, 1, 20.00, 20.00, 9),
	(42, 35, 1, 30.00, 30.00, 2),
	(43, 35, 10, 10.00, 100.00, 1),
	(44, 36, 1, 20.00, 20.00, 9),
	(45, 36, 1, 30.00, 30.00, 2),
	(46, 36, 10, 10.00, 100.00, 1),
	(47, 37, 1, 20.00, 20.00, 9),
	(48, 37, 1, 30.00, 30.00, 2),
	(49, 37, 10, 10.00, 100.00, 1),
	(50, 38, 1, 20.00, 20.00, 9),
	(51, 38, 1, 30.00, 30.00, 2),
	(52, 38, 10, 10.00, 100.00, 1),
	(53, 39, 1, 20.00, 20.00, 9),
	(54, 39, 1, 30.00, 30.00, 2),
	(55, 39, 10, 10.00, 100.00, 1),
	(56, 40, 1, 20.00, 20.00, 9),
	(57, 40, 1, 30.00, 30.00, 2),
	(58, 40, 11, 10.00, 110.00, 1),
	(59, 41, 1, 20.00, 20.00, 9),
	(60, 41, 1, 30.00, 30.00, 2),
	(61, 41, 12, 10.00, 120.00, 1),
	(62, 42, 1, 20.00, 20.00, 9),
	(63, 42, 1, 30.00, 30.00, 2),
	(64, 42, 12, 10.00, 120.00, 1),
	(65, 43, 1, 20.00, 20.00, 9),
	(66, 43, 1, 30.00, 30.00, 2),
	(67, 43, 12, 10.00, 120.00, 1),
	(68, 44, 1, 20.00, 20.00, 9),
	(69, 44, 1, 30.00, 30.00, 2),
	(70, 44, 12, 10.00, 120.00, 1),
	(71, 45, 1, 20.00, 20.00, 9),
	(72, 45, 1, 30.00, 30.00, 2),
	(73, 45, 12, 10.00, 120.00, 1),
	(74, 46, 1, 20.00, 20.00, 9),
	(75, 46, 1, 30.00, 30.00, 2),
	(76, 46, 12, 10.00, 120.00, 1),
	(77, 47, 1, 10.00, 10.00, 1),
	(78, 48, 1, 20.00, 20.00, 9),
	(79, 48, 1, 30.00, 30.00, 2),
	(80, 48, 12, 10.00, 120.00, 1),
	(81, 49, 1, 20.00, 20.00, 9),
	(82, 49, 1, 30.00, 30.00, 2),
	(83, 49, 13, 10.00, 130.00, 1),
	(84, 50, 1, 20.00, 20.00, 9),
	(85, 50, 1, 30.00, 30.00, 2),
	(86, 50, 14, 10.00, 140.00, 1),
	(87, 51, 1, 20.00, 20.00, 9),
	(88, 51, 1, 30.00, 30.00, 2),
	(89, 51, 15, 10.00, 150.00, 1),
	(90, 52, 1, 10.00, 10.00, 1),
	(91, 53, 1, 30.00, 30.00, 2),
	(92, 54, 1, 10.00, 10.00, 20),
	(93, 55, 1, 10.00, 10.00, 20),
	(94, 56, 1, 10.00, 10.00, 1),
	(95, 57, 1, 10.00, 10.00, 1),
	(96, 58, 1, 20.00, 20.00, 5),
	(97, 58, 2, 10.00, 20.00, 1),
	(98, 59, 1, 20.00, 20.00, 6),
	(99, 59, 1, 20.00, 20.00, 5),
	(100, 59, 2, 10.00, 20.00, 1),
	(101, 60, 1, 20.00, 20.00, 6),
	(102, 60, 1, 20.00, 20.00, 5),
	(103, 60, 2, 10.00, 20.00, 1),
	(104, 61, 1, 20.00, 20.00, 9),
	(105, 62, 1, 10.00, 10.00, 1),
	(106, 63, 1, 20.00, 20.00, 16),
	(107, 63, 1, 20.00, 20.00, 4),
	(108, 64, 1, 10.00, 10.00, 1),
	(109, 65, 1, 10.00, 10.00, 1),
	(110, 66, 2, 10.00, 20.00, 1),
	(111, 67, 3, 10.00, 30.00, 1),
	(112, 68, 1, 10.00, 10.00, 1),
	(113, 69, 1, 20.00, 20.00, 3),
	(114, 69, 1, 10.00, 10.00, 1),
	(115, 70, 1, 10.00, 10.00, 1),
	(116, 71, 1, 10.00, 10.00, 1),
	(117, 72, 1, 10.00, 10.00, 1),
	(118, 73, 1, 10.00, 10.00, 1),
	(119, 74, 1, 10.00, 10.00, 1),
	(120, 75, 1, 10.00, 10.00, 1),
	(121, 76, 1, 10.00, 10.00, 1),
	(122, 77, 1, 10.00, 10.00, 1),
	(123, 78, 1, 10.00, 10.00, 1),
	(124, 79, 1, 10.00, 10.00, 1),
	(125, 80, 1, 10.00, 10.00, 1),
	(126, 81, 1, 10.00, 10.00, 1),
	(127, 82, 2, 10.00, 20.00, 1),
	(128, 83, 1, 10.00, 10.00, 1),
	(129, 84, 2, 10.00, 20.00, 1),
	(130, 85, 1, 10.00, 10.00, 1),
	(131, 86, 1, 30.00, 30.00, 2),
	(132, 86, 1, 10.00, 10.00, 1),
	(133, 87, 2, 10.00, 20.00, 1),
	(134, 88, 1, 10.00, 10.00, 1),
	(135, 89, 2, 10.00, 20.00, 1),
	(136, 90, 1, 10.00, 10.00, 1),
	(137, 91, 1, 10.00, 10.00, 1),
	(138, 92, 1, 10.00, 10.00, 1),
	(139, 93, 1, 20.00, 20.00, 4),
	(140, 93, 1, 30.00, 30.00, 2),
	(141, 93, 7, 10.00, 70.00, 1),
	(142, 94, 1, 20.00, 20.00, 5),
	(143, 94, 1, 30.00, 30.00, 2),
	(144, 95, 1, 20.00, 20.00, 8),
	(145, 95, 1, 20.00, 20.00, 5),
	(146, 96, 1, 10.00, 10.00, 1),
	(147, 97, 1, 20.00, 20.00, 3),
	(148, 98, 3, 10.00, 30.00, 1),
	(149, 99, 1, 20.00, 20.00, 3),
	(150, 100, 1, 10.00, 10.00, 1),
	(151, 101, 1, 10.00, 10.00, 1),
	(152, 102, 1, 20.00, 20.00, 3),
	(153, 103, 1, 20.00, 20.00, 3),
	(154, 104, 1, 20.00, 20.00, 3),
	(155, 105, 1, 20.00, 20.00, 3),
	(156, 106, 1, 20.00, 20.00, 3),
	(157, 107, 1, 20.00, 20.00, 3),
	(158, 108, 1, 30.00, 30.00, 2),
	(159, 108, 1, 10.00, 10.00, 1),
	(160, 109, 1, 30.00, 30.00, 2),
	(161, 109, 2, 10.00, 20.00, 1),
	(162, 110, 2, 10.00, 20.00, 1),
	(163, 111, 2, 10.00, 20.00, 1),
	(164, 112, 2, 10.00, 20.00, 1),
	(165, 113, 2, 10.00, 20.00, 1),
	(166, 114, 1, 299.99, 299.99, 22),
	(167, 114, 3, 10.00, 30.00, 1),
	(168, 115, 1, 10.00, 10.00, 1),
	(169, 116, 1, 10.00, 10.00, 1),
	(170, 117, 1, 10.00, 10.00, 1),
	(171, 118, 1, 10.00, 10.00, 1),
	(172, 119, 1, 10.00, 10.00, 1),
	(173, 120, 1, 10.00, 10.00, 1),
	(174, 121, 1, 10.00, 10.00, 1),
	(175, 122, 1, 10.00, 10.00, 1),
	(176, 123, 1, 10.00, 10.00, 1),
	(177, 124, 1, 10.00, 10.00, 1),
	(178, 125, 1, 10.00, 10.00, 1),
	(179, 126, 1, 10.00, 10.00, 1),
	(180, 127, 1, 10.00, 10.00, 1),
	(181, 128, 1, 10.00, 10.00, 1),
	(182, 129, 1, 10.00, 10.00, 1),
	(183, 130, 1, 10.00, 10.00, 1),
	(184, 131, 1, 10.00, 10.00, 1),
	(185, 132, 1, 10.00, 10.00, 1),
	(186, 133, 1, 10.00, 10.00, 1),
	(187, 134, 1, 10.00, 10.00, 1),
	(188, 135, 1, 10.00, 10.00, 1),
	(189, 136, 1, 10.00, 10.00, 1),
	(190, 137, 1, 10.00, 10.00, 1),
	(191, 138, 1, 10.00, 10.00, 1),
	(192, 139, 1, 10.00, 10.00, 1),
	(193, 140, 1, 10.00, 10.00, 1),
	(194, 141, 1, 10.00, 10.00, 1),
	(195, 142, 1, 10.00, 10.00, 1),
	(196, 143, 1, 10.00, 10.00, 1),
	(197, 144, 2, 10.00, 20.00, 1),
	(198, 145, 1, 10.00, 10.00, 1),
	(199, 146, 1, 10.00, 10.00, 1),
	(200, 147, 2, 10.00, 20.00, 1),
	(201, 148, 1, 10.00, 10.00, 1),
	(202, 149, 1, 10.00, 10.00, 1),
	(203, 150, 2, 10.00, 20.00, 1),
	(204, 151, 1, 10.00, 10.00, 1),
	(205, 152, 1, 10.00, 10.00, 1),
	(206, 153, 1, 10.00, 10.00, 1),
	(207, 154, 1, 10.00, 10.00, 1),
	(208, 155, 2, 10.00, 20.00, 1),
	(209, 156, 2, 10.00, 20.00, 1),
	(210, 157, 2, 10.00, 20.00, 1),
	(211, 158, 2, 10.00, 20.00, 1),
	(212, 159, 2, 10.00, 20.00, 1),
	(213, 160, 2, 10.00, 20.00, 1),
	(214, 161, 2, 10.00, 20.00, 1),
	(215, 162, 2, 10.00, 20.00, 1),
	(216, 163, 2, 10.00, 20.00, 1),
	(217, 164, 2, 10.00, 20.00, 1),
	(218, 165, 2, 10.00, 20.00, 1),
	(219, 166, 2, 10.00, 20.00, 1),
	(220, 167, 2, 10.00, 20.00, 1),
	(221, 168, 2, 10.00, 20.00, 1),
	(222, 169, 2, 10.00, 20.00, 1),
	(223, 170, 2, 10.00, 20.00, 1),
	(224, 171, 2, 10.00, 20.00, 1),
	(225, 172, 2, 10.00, 20.00, 1),
	(226, 173, 2, 10.00, 20.00, 1),
	(227, 174, 2, 10.00, 20.00, 1),
	(228, 175, 2, 10.00, 20.00, 1),
	(229, 176, 2, 10.00, 20.00, 1),
	(230, 177, 2, 10.00, 20.00, 1),
	(231, 178, 2, 10.00, 20.00, 1),
	(232, 179, 2, 10.00, 20.00, 1),
	(233, 180, 2, 10.00, 20.00, 1),
	(234, 181, 2, 10.00, 20.00, 1),
	(235, 182, 2, 10.00, 20.00, 1),
	(236, 183, 2, 10.00, 20.00, 1),
	(237, 184, 2, 10.00, 20.00, 1),
	(238, 185, 2, 10.00, 20.00, 1),
	(239, 186, 2, 10.00, 20.00, 1),
	(240, 187, 2, 10.00, 20.00, 1),
	(241, 188, 2, 10.00, 20.00, 1),
	(242, 189, 2, 10.00, 20.00, 1),
	(243, 190, 2, 10.00, 20.00, 1),
	(244, 191, 2, 10.00, 20.00, 1),
	(245, 192, 2, 10.00, 20.00, 1),
	(246, 193, 2, 10.00, 20.00, 1),
	(247, 194, 1, 10.00, 10.00, 1),
	(248, 195, 1, 10.00, 10.00, 1),
	(249, 196, 1, 10.00, 10.00, 1),
	(250, 197, 1, 10.00, 10.00, 1),
	(251, 198, 2, 10.00, 20.00, 1),
	(252, 199, 3, 10.00, 30.00, 1),
	(253, 200, 2, 10.00, 20.00, 1),
	(254, 201, 1, 20.00, 20.00, 3),
	(255, 201, 1, 30.00, 30.00, 2),
	(256, 201, 2, 10.00, 20.00, 1);

-- Listage de la structure de table projet. order_tracking
CREATE TABLE IF NOT EXISTS `order_tracking` (
  `id` int NOT NULL AUTO_INCREMENT,
  `order_id` int NOT NULL,
  `status` varchar(255) COLLATE utf8mb4_unicode_ci NOT NULL,
  `updated_at` datetime NOT NULL,
  PRIMARY KEY (`id`),
  KEY `IDX_498480AD8D9F6D38` (`order_id`),
  CONSTRAINT `FK_498480AD8D9F6D38` FOREIGN KEY (`order_id`) REFERENCES `order` (`id`)
) ENGINE=InnoDB AUTO_INCREMENT=4 DEFAULT CHARSET=utf8mb4 COLLATE=utf8mb4_unicode_ci;

-- Listage des données de la table projet.order_tracking : ~0 rows (environ)
INSERT INTO `order_tracking` (`id`, `order_id`, `status`, `updated_at`) VALUES
	(1, 199, 'Payment Confirmed', '2023-11-19 18:54:33'),
	(2, 200, 'Payment Confirmed', '2023-11-19 20:16:16'),
	(3, 201, 'Payment Confirmed', '2023-11-19 22:26:19');

-- Listage de la structure de table projet. payment
CREATE TABLE IF NOT EXISTS `payment` (
  `id` int NOT NULL AUTO_INCREMENT,
  `order_id` int NOT NULL,
  `transaction_id` varchar(255) COLLATE utf8mb4_unicode_ci DEFAULT NULL,
  `amount` decimal(10,2) NOT NULL,
  `payment_method` varchar(255) COLLATE utf8mb4_unicode_ci NOT NULL,
  `status` varchar(255) COLLATE utf8mb4_unicode_ci NOT NULL,
  `created_at` datetime NOT NULL COMMENT '(DC2Type:datetime_immutable)',
  PRIMARY KEY (`id`),
  KEY `IDX_6D28840D8D9F6D38` (`order_id`),
  CONSTRAINT `FK_6D28840D8D9F6D38` FOREIGN KEY (`order_id`) REFERENCES `order` (`id`)
) ENGINE=InnoDB AUTO_INCREMENT=96 DEFAULT CHARSET=utf8mb4 COLLATE=utf8mb4_unicode_ci;

-- Listage des données de la table projet.payment : ~88 rows (environ)
INSERT INTO `payment` (`id`, `order_id`, `transaction_id`, `amount`, `payment_method`, `status`, `created_at`) VALUES
	(1, 48, 'ch_3OBhxMEONNRmxI8s11BYhzxu', 10.00, 'carte de crédit', 'succeeded', '2023-11-12 19:00:26'),
	(2, 49, 'ch_3OBjk4EONNRmxI8s1VTCt7jC', 10.00, 'carte de crédit', 'succeeded', '2023-11-12 20:54:52'),
	(3, 50, 'ch_3OBjnjEONNRmxI8s08o6DbG0', 10.00, 'carte de crédit', 'succeeded', '2023-11-12 20:58:37'),
	(4, 51, 'ch_3OBk3rEONNRmxI8s1jxI3sk6', 10.00, 'carte de crédit', 'succeeded', '2023-11-12 21:15:17'),
	(5, 52, 'ch_3OBk63EONNRmxI8s0UXi836F', 10.00, 'carte de crédit', 'succeeded', '2023-11-12 21:17:33'),
	(6, 53, 'ch_3OBkCDEONNRmxI8s0iyJKUwq', 30.00, 'carte de crédit', 'succeeded', '2023-11-12 21:23:54'),
	(7, 55, 'ch_3OBkQHEONNRmxI8s1UB7eG9I', 10.00, 'carte de crédit', 'succeeded', '2023-11-12 21:38:27'),
	(8, 56, 'ch_3OBlVfEONNRmxI8s1Ln6pHdj', 10.00, 'carte de crédit', 'succeeded', '2023-11-12 22:48:05'),
	(9, 56, 'ch_3OBlWkEONNRmxI8s1FVdremk', 10.00, 'carte de crédit', 'succeeded', '2023-11-12 22:49:12'),
	(10, 56, 'ch_3OBlYGEONNRmxI8s0GI6axlk', 10.00, 'carte de crédit', 'succeeded', '2023-11-12 22:50:46'),
	(11, 56, 'ch_3OBllEEONNRmxI8s0pPr8oN9', 10.00, 'carte de crédit', 'succeeded', '2023-11-12 23:04:10'),
	(12, 57, 'ch_3OBlmfEONNRmxI8s1zkoY2cb', 10.00, 'carte de crédit', 'succeeded', '2023-11-12 23:05:39'),
	(13, 57, 'ch_3OBmECEONNRmxI8s11YjlbnH', 10.00, 'carte de crédit', 'succeeded', '2023-11-12 23:34:06'),
	(14, 60, 'ch_3OBmJPEONNRmxI8s1IprtSnX', 60.00, 'carte de crédit', 'succeeded', '2023-11-12 23:39:29'),
	(15, 61, 'ch_3OBmZ2EONNRmxI8s1s19N4d0', 20.00, 'carte de crédit', 'succeeded', '2023-11-12 23:55:38'),
	(16, 62, 'ch_3OBmt6EONNRmxI8s1Cno4LM7', 10.00, 'carte de crédit', 'succeeded', '2023-11-13 00:16:22'),
	(17, 63, 'ch_3OBnSLEONNRmxI8s0dFJ6y3p', 40.00, 'carte de crédit', 'succeeded', '2023-11-13 00:52:46'),
	(18, 64, 'ch_3OBnkfEONNRmxI8s1FLNdhjL', 10.00, 'carte de crédit', 'succeeded', '2023-11-13 01:11:42'),
	(19, 67, 'ch_3OBoMzEONNRmxI8s18xTAMsq', 30.00, 'carte de crédit', 'succeeded', '2023-11-13 01:51:18'),
	(20, 68, 'ch_3OBoOAEONNRmxI8s0BBuCBPw', 10.00, 'carte de crédit', 'succeeded', '2023-11-13 01:52:31'),
	(21, 69, 'ch_3OBoSBEONNRmxI8s1HezSqZw', 30.00, 'carte de crédit', 'succeeded', '2023-11-13 01:56:40'),
	(22, 70, 'ch_3OBxAoEONNRmxI8s0BYJfT77', 10.00, 'carte de crédit', 'succeeded', '2023-11-13 11:15:20'),
	(23, 71, 'ch_3OBxkxEONNRmxI8s0FtG3doo', 10.00, 'carte de crédit', 'succeeded', '2023-11-13 11:52:40'),
	(24, 72, 'ch_3OBzCKEONNRmxI8s1TNJ417u', 10.00, 'carte de crédit', 'succeeded', '2023-11-13 13:25:01'),
	(25, 73, 'ch_3OBzDrEONNRmxI8s1LFveHo5', 10.00, 'carte de crédit', 'succeeded', '2023-11-13 13:26:36'),
	(26, 74, 'ch_3OBzo7EONNRmxI8s1wMyYmEe', 10.00, 'carte de crédit', 'succeeded', '2023-11-13 14:04:04'),
	(27, 75, 'ch_3OC0AVEONNRmxI8s1xgg6grf', 10.00, 'carte de crédit', 'succeeded', '2023-11-13 14:27:12'),
	(28, 78, 'ch_3OC21SEONNRmxI8s1sfatDif', 10.00, 'carte de crédit', 'succeeded', '2023-11-13 16:26:00'),
	(29, 78, 'ch_3OC24uEONNRmxI8s16fGkiMD', 10.00, 'carte de crédit', 'succeeded', '2023-11-13 16:29:33'),
	(30, 78, 'ch_3OC29lEONNRmxI8s0NRGaNjI', 10.00, 'carte de crédit', 'succeeded', '2023-11-13 16:34:34'),
	(31, 78, 'ch_3OC3B0EONNRmxI8s0iHQ3vsE', 10.00, 'carte de crédit', 'succeeded', '2023-11-13 17:39:55'),
	(32, 78, 'ch_3OC3CLEONNRmxI8s0mdcLv20', 10.00, 'carte de crédit', 'succeeded', '2023-11-13 17:41:18'),
	(33, 78, 'ch_3OC3EcEONNRmxI8s1oHycZJg', 10.00, 'carte de crédit', 'succeeded', '2023-11-13 17:43:39'),
	(34, 85, 'ch_3OC3N2EONNRmxI8s0R9cNxfH', 10.00, 'carte de crédit', 'succeeded', '2023-11-13 17:52:22'),
	(35, 86, 'ch_3OC3OQEONNRmxI8s159El3wp', 40.00, 'carte de crédit', 'succeeded', '2023-11-13 17:53:48'),
	(36, 87, 'ch_3OC3jMEONNRmxI8s1yevbQ2V', 20.00, 'carte de crédit', 'succeeded', '2023-11-13 18:15:25'),
	(37, 87, 'ch_3OC3uVEONNRmxI8s0LLREM1s', 20.00, 'carte de crédit', 'succeeded', '2023-11-13 18:26:56'),
	(38, 87, 'ch_3OC3x5EONNRmxI8s0HRcpetA', 20.00, 'carte de crédit', 'succeeded', '2023-11-13 18:29:36'),
	(39, 88, 'ch_3OC3yFEONNRmxI8s1aim7keB', 10.00, 'carte de crédit', 'succeeded', '2023-11-13 18:30:48'),
	(40, 89, 'ch_3OC48REONNRmxI8s1rs2F2rb', 20.00, 'carte de crédit', 'succeeded', '2023-11-13 18:41:20'),
	(41, 90, 'ch_3OC4ajEONNRmxI8s1EdR9OeV', 10.00, 'carte de crédit', 'succeeded', '2023-11-13 19:10:34'),
	(42, 91, 'ch_3OC5XEEONNRmxI8s0UXlVkSt', 10.00, 'carte de crédit', 'succeeded', '2023-11-13 20:11:01'),
	(43, 92, 'ch_3OCHbREONNRmxI8s0r4A7QjI', 10.00, 'carte de crédit', 'succeeded', '2023-11-14 09:04:10'),
	(44, 93, 'ch_3OCKrVEONNRmxI8s0PckpwtS', 120.00, 'carte de crédit', 'succeeded', '2023-11-14 12:32:59'),
	(45, 94, 'ch_3OCLfiEONNRmxI8s1cO1wDh0', 50.00, 'carte de crédit', 'succeeded', '2023-11-14 13:24:51'),
	(46, 95, 'ch_3OCLvREONNRmxI8s0ifKgXzX', 40.00, 'carte de crédit', 'succeeded', '2023-11-14 13:41:06'),
	(47, 96, 'ch_3OCLyOEONNRmxI8s0Lda9oge', 10.00, 'carte de crédit', 'succeeded', '2023-11-14 13:44:10'),
	(48, 97, 'ch_3OCQR9EONNRmxI8s1xcTXIYV', 20.00, 'carte de crédit', 'succeeded', '2023-11-14 18:30:08'),
	(49, 98, 'ch_3OCTFsEONNRmxI8s088uwiSX', 30.00, 'carte de crédit', 'succeeded', '2023-11-14 21:30:41'),
	(50, 99, 'ch_3OCTHLEONNRmxI8s0oQLBIz9', 20.00, 'carte de crédit', 'succeeded', '2023-11-14 21:32:12'),
	(51, 100, 'ch_3OCTX9EONNRmxI8s1yfemmPj', 10.00, 'carte de crédit', 'succeeded', '2023-11-14 21:48:32'),
	(52, 101, 'ch_3OCThTEONNRmxI8s1dAWidew', 10.00, 'carte de crédit', 'succeeded', '2023-11-14 21:59:12'),
	(53, 102, 'ch_3OCTjSEONNRmxI8s1WVeGKN8', 20.00, 'carte de crédit', 'succeeded', '2023-11-14 22:01:15'),
	(54, 108, 'ch_3OD3A3EONNRmxI8s1BbOb2dL', 40.00, 'carte de crédit', 'succeeded', '2023-11-16 11:51:06'),
	(55, 109, 'ch_3OD9YfEONNRmxI8s0rPzw7Ow', 50.00, 'carte de crédit', 'succeeded', '2023-11-16 18:40:55'),
	(62, 113, 'ch_3ODBHQEONNRmxI8s1xXvJHaK', 20.00, 'carte de crédit', 'succeeded', '2023-11-16 20:31:13'),
	(63, 114, 'ch_3ODBMqEONNRmxI8s1XzxJuk4', 329.99, 'carte de crédit', 'succeeded', '2023-11-16 20:36:48'),
	(64, 115, 'ch_3ODBQoEONNRmxI8s1m2B2fiG', 10.00, 'carte de crédit', 'succeeded', '2023-11-16 20:40:55'),
	(65, 116, 'ch_3ODBmTEONNRmxI8s1lynlkgM', 10.00, 'carte de crédit', 'succeeded', '2023-11-16 21:03:18'),
	(66, 117, 'ch_3ODCknEONNRmxI8s1RRutN4I', 10.00, 'carte de crédit', 'succeeded', '2023-11-16 22:05:38'),
	(67, 118, 'ch_3ODCn5EONNRmxI8s0zjAkmmA', 10.00, 'carte de crédit', 'succeeded', '2023-11-16 22:08:00'),
	(68, 120, 'ch_3ODCxvEONNRmxI8s0KuKd2TY', 10.00, 'carte de crédit', 'succeeded', '2023-11-16 22:19:12'),
	(69, 121, 'ch_3ODD4wEONNRmxI8s12T6vE6g', 10.00, 'carte de crédit', 'succeeded', '2023-11-16 22:26:27'),
	(70, 122, 'ch_3ODDR1EONNRmxI8s0AlloSxi', 10.00, 'carte de crédit', 'succeeded', '2023-11-16 22:49:16'),
	(71, 123, 'ch_3ODDTUEONNRmxI8s0Iw6QwC1', 10.00, 'carte de crédit', 'succeeded', '2023-11-16 22:51:48'),
	(72, 124, 'ch_3ODDUNEONNRmxI8s1xIsJihF', 10.00, 'carte de crédit', 'succeeded', '2023-11-16 22:52:44'),
	(73, 125, 'ch_3ODDVgEONNRmxI8s1cOa0zJu', 10.00, 'carte de crédit', 'succeeded', '2023-11-16 22:54:05'),
	(74, 126, 'ch_3ODDXREONNRmxI8s1aFQWR1n', 10.00, 'carte de crédit', 'succeeded', '2023-11-16 22:55:54'),
	(75, 127, 'ch_3ODDYkEONNRmxI8s0UKaHCBy', 10.00, 'carte de crédit', 'succeeded', '2023-11-16 22:57:15'),
	(76, 128, 'ch_3ODDZSEONNRmxI8s0ZwDd0XQ', 10.00, 'carte de crédit', 'succeeded', '2023-11-16 22:57:58'),
	(77, 129, 'ch_3ODDaKEONNRmxI8s1OTkEOu9', 10.00, 'carte de crédit', 'succeeded', '2023-11-16 22:58:52'),
	(78, 135, 'ch_3ODECxEONNRmxI8s1ag0tOrZ', 10.00, 'carte de crédit', 'succeeded', '2023-11-16 23:38:50'),
	(79, 140, 'ch_3ODEjeEONNRmxI8s1Oz2UC1E', 10.00, 'carte de crédit', 'succeeded', '2023-11-17 00:12:35'),
	(80, 142, 'ch_3ODF6vEONNRmxI8s0sVx76nH', 10.00, 'carte de crédit', 'succeeded', '2023-11-17 00:36:38'),
	(81, 143, 'ch_3ODFG2EONNRmxI8s06mgVRQH', 10.00, 'carte de crédit', 'succeeded', '2023-11-17 00:46:04'),
	(82, 144, 'ch_3ODsxEEONNRmxI8s1TCBEQsY', 20.00, 'carte de crédit', 'succeeded', '2023-11-18 19:09:18'),
	(83, 145, 'ch_3ODszPEONNRmxI8s0KtHt9AP', 10.00, 'carte de crédit', 'succeeded', '2023-11-18 19:11:32'),
	(84, 146, 'ch_3ODt0WEONNRmxI8s0wEtaRdI', 10.00, 'carte de crédit', 'succeeded', '2023-11-18 19:12:40'),
	(85, 147, 'ch_3ODt2JEONNRmxI8s0BMLAcd6', 20.00, 'carte de crédit', 'succeeded', '2023-11-18 19:14:32'),
	(86, 148, 'ch_3ODtMAEONNRmxI8s1WcVfqOF', 10.00, 'carte de crédit', 'succeeded', '2023-11-18 19:35:03'),
	(88, 149, 'ch_3ODtd1EONNRmxI8s0UPR8NaD', 10.00, 'carte de crédit', 'succeeded', '2023-11-18 19:52:28'),
	(89, 150, 'ch_3ODtixEONNRmxI8s1ypifCJP', 20.00, 'carte de crédit', 'succeeded', '2023-11-18 19:58:36'),
	(90, 193, 'ch_3ODvxsEONNRmxI8s1TEy36HH', 20.00, 'carte de crédit', 'succeeded', '2023-11-18 22:22:09'),
	(91, 195, 'ch_3ODvzSEONNRmxI8s0L6Icndm', 10.00, 'carte de crédit', 'succeeded', '2023-11-18 22:23:47'),
	(92, 196, 'ch_3ODw0GEONNRmxI8s1bOQ7QBN', 10.00, 'carte de crédit', 'succeeded', '2023-11-18 22:24:37'),
	(93, 199, 'ch_3OEFCVEONNRmxI8s1KCClYV8', 30.00, 'carte de crédit', 'succeeded', '2023-11-19 18:54:33'),
	(94, 200, 'ch_3OEGTbEONNRmxI8s02YYuFwN', 20.00, 'carte de crédit', 'succeeded', '2023-11-19 20:16:16'),
	(95, 201, 'ch_3OEIVSEONNRmxI8s0dgBaXwX', 70.00, 'carte de crédit', 'succeeded', '2023-11-19 22:26:19');

-- Listage de la structure de table projet. product
CREATE TABLE IF NOT EXISTS `product` (
  `id` int NOT NULL AUTO_INCREMENT,
  `user_id` int NOT NULL,
  `category_id` int NOT NULL,
  `name` varchar(255) COLLATE utf8mb4_unicode_ci NOT NULL,
  `description` longtext COLLATE utf8mb4_unicode_ci,
  `price` decimal(10,2) NOT NULL,
  `stock_quantity` int NOT NULL,
  `is_active` tinyint(1) NOT NULL,
  `image_url` varchar(255) COLLATE utf8mb4_unicode_ci DEFAULT NULL,
  `created_at` datetime NOT NULL COMMENT '(DC2Type:datetime_immutable)',
  `updated_at` datetime NOT NULL COMMENT '(DC2Type:datetime_immutable)',
  PRIMARY KEY (`id`),
  UNIQUE KEY `UNIQ_D34A04AD5E237E06` (`name`),
  KEY `IDX_D34A04ADA76ED395` (`user_id`),
  KEY `IDX_D34A04AD12469DE2` (`category_id`),
  CONSTRAINT `FK_D34A04AD12469DE2` FOREIGN KEY (`category_id`) REFERENCES `category` (`id`),
  CONSTRAINT `FK_D34A04ADA76ED395` FOREIGN KEY (`user_id`) REFERENCES `user` (`id`)
) ENGINE=InnoDB AUTO_INCREMENT=25 DEFAULT CHARSET=utf8mb4 COLLATE=utf8mb4_unicode_ci;

-- Listage des données de la table projet.product : ~15 rows (environ)
INSERT INTO `product` (`id`, `user_id`, `category_id`, `name`, `description`, `price`, `stock_quantity`, `is_active`, `image_url`, `created_at`, `updated_at`) VALUES
	(1, 1, 1, 'name product', 'description product', 10.00, 434, 1, 'default.image.jpg', '2023-10-26 19:53:48', '2023-11-19 22:26:19'),
	(2, 1, 1, 'lol', 'maaaaa', 30.00, 9, 1, 'default.image.jpg', '2023-10-26 20:19:38', '2023-11-19 22:26:19'),
	(3, 1, 1, 'am', 'nana', 20.00, 2, 1, 'default.image.jpg', '2023-10-26 22:47:04', '2023-11-19 22:26:19'),
	(4, 1, 1, 'ta', 'ze', 20.00, 1, 1, 'default.image.jpg', '2023-10-26 22:47:04', '2023-11-14 12:32:59'),
	(5, 1, 1, 'tata', 'ze', 20.00, 0, 1, 'default.image.jpg', '2023-10-26 22:47:04', '2023-11-14 13:41:06'),
	(6, 1, 1, 'tatata', 'ze', 20.00, 2, 1, 'default.image.jpg', '2023-10-26 22:47:04', '2023-11-12 23:39:06'),
	(7, 1, 1, 'tatatata', 'ze', 20.00, 2, 1, 'default.image.jpg', '2023-10-26 22:47:04', '2023-11-07 21:26:07'),
	(8, 1, 1, 'ta1', 'ze', 20.00, 1, 1, 'default.image.jpg', '2023-10-26 22:47:04', '2023-11-14 13:41:06'),
	(9, 1, 1, 'ta12', 'ze', 20.00, 2, 1, 'default.image.jpg', '2023-10-26 22:47:04', '2023-11-12 23:55:19'),
	(10, 1, 1, 'ta123', 'ze', 20.00, 2, 1, 'default.image.jpg', '2023-10-26 22:47:04', '2023-10-26 22:47:06'),
	(15, 62, 1, 'my product edit', 'my producct', 1.00, 1, 1, NULL, '2023-11-08 04:40:22', '2023-11-08 05:14:35'),
	(16, 62, 1, 'mon produit 2', 'produit de luxe 2', 20.00, 2, 1, NULL, '2023-11-08 04:58:50', '2023-11-13 00:52:22'),
	(17, 62, 1, 'azezaezza', 'ezaeza', 10.00, 1, 1, NULL, '2023-11-08 04:59:22', '2023-11-08 04:59:22'),
	(20, 61, 1, 'mon produit sécurisée', 'produit sécurisé', 10.00, 1, 1, NULL, '2023-11-09 09:22:28', '2023-11-12 21:38:03'),
	(21, 61, 1, 'add TEST', 'azoejkoze', 10.00, 1, 1, NULL, '2023-11-09 21:14:10', '2023-11-09 21:14:10'),
	(22, 71, 1, 'Produit de test', 'Ceci est une description du produit', 299.99, 24, 1, NULL, '2023-11-14 13:18:15', '2023-11-16 20:36:49'),
	(23, 72, 1, 'test du produit', 'description du produit', 99.99, 50, 1, NULL, '2023-11-14 13:35:05', '2023-11-14 13:35:05'),
	(24, 77, 1, 'ce produit est à moi', 'description', 99.99, 10, 1, NULL, '2023-11-16 11:35:07', '2023-11-16 11:35:07');

-- Listage de la structure de table projet. review
CREATE TABLE IF NOT EXISTS `review` (
  `id` int NOT NULL AUTO_INCREMENT,
  `product_id` int NOT NULL,
  `user_id` int NOT NULL,
  `title` varchar(255) COLLATE utf8mb4_unicode_ci DEFAULT NULL,
  `rating` int NOT NULL,
  `comment` longtext COLLATE utf8mb4_unicode_ci,
  `created_at` datetime NOT NULL COMMENT '(DC2Type:datetime_immutable)',
  PRIMARY KEY (`id`),
  KEY `IDX_794381C64584665A` (`product_id`),
  KEY `IDX_794381C6A76ED395` (`user_id`),
  CONSTRAINT `FK_794381C64584665A` FOREIGN KEY (`product_id`) REFERENCES `product` (`id`),
  CONSTRAINT `FK_794381C6A76ED395` FOREIGN KEY (`user_id`) REFERENCES `user` (`id`)
) ENGINE=InnoDB DEFAULT CHARSET=utf8mb4 COLLATE=utf8mb4_unicode_ci;

-- Listage des données de la table projet.review : ~0 rows (environ)

-- Listage de la structure de table projet. user
CREATE TABLE IF NOT EXISTS `user` (
  `id` int NOT NULL AUTO_INCREMENT,
  `username` varchar(255) COLLATE utf8mb4_unicode_ci NOT NULL,
  `password` varchar(255) COLLATE utf8mb4_unicode_ci NOT NULL,
  `email` varchar(255) COLLATE utf8mb4_unicode_ci NOT NULL,
  `role` varchar(255) COLLATE utf8mb4_unicode_ci NOT NULL,
  `last_login` datetime DEFAULT NULL COMMENT '(DC2Type:datetime_immutable)',
  `profile_picture` varchar(255) COLLATE utf8mb4_unicode_ci DEFAULT NULL,
  `created_at` datetime DEFAULT NULL COMMENT '(DC2Type:datetime_immutable)',
  `updated_at` datetime NOT NULL COMMENT '(DC2Type:datetime_immutable)',
  PRIMARY KEY (`id`)
) ENGINE=InnoDB AUTO_INCREMENT=80 DEFAULT CHARSET=utf8mb4 COLLATE=utf8mb4_unicode_ci;

-- Listage des données de la table projet.user : ~49 rows (environ)
INSERT INTO `user` (`id`, `username`, `password`, `email`, `role`, `last_login`, `profile_picture`, `created_at`, `updated_at`) VALUES
	(1, 'test', 'test', 'test@gmail.com', 'artisan', '2023-10-26 19:52:20', NULL, '2023-10-26 19:52:27', '2023-10-26 19:52:28'),
	(2, 'test2', '$2y$04$KqV8VeUKXpaE0ed1tjstrOAHPy2rE3dbDm.WRBnJV4LxI12oaFigi', 'test2@gmail.com', 'artisan', NULL, NULL, '2023-10-28 00:31:50', '2023-10-28 00:31:50'),
	(3, 'test2', '$2y$04$5D092agu2OwviecglGIUsuGfeNZX9S3gO7p9u1Xa0cjafoXoY9mN2', 'test2@gmail.com', 'artisan', NULL, NULL, '2023-10-28 00:54:42', '2023-10-28 00:54:42'),
	(4, 'test3', '$2y$04$rBBsBvdzfce8keK6wB1KV.69dianve5pGEzVuzOYzvobrzpl4LiCe', 'test3@gmail.com', 'artisan', NULL, NULL, '2023-10-28 00:55:06', '2023-10-28 00:55:06'),
	(5, 'test4', '$2y$04$gZ.m8hLowM0a5X4K8I3av.ZY.RH9VzrGzEsmoLnU/O9UaACpjoBFS', 'test4@gmail.com', 'artisan', NULL, NULL, '2023-10-28 01:00:40', '2023-10-28 01:00:40'),
	(6, 'test5', '$2y$04$ckiE7zP9xB5S4vCYUqKh.eIGD6ZqRihkHWT41LQd0I8s2CIuNP8o2', 'test5@gmail.com', 'artisan', NULL, NULL, '2023-10-28 01:04:27', '2023-10-28 01:04:27'),
	(7, 'test12', '$2y$04$qaehUARpeRs35bZrJlOH9.cJjKKtkY1trk6Zi6fdz8Unv7PyyLK7q', 'test12@gmail.com', 'artisan', NULL, NULL, '2023-10-28 01:11:04', '2023-10-28 01:11:04'),
	(8, 'test15', '$2y$04$VKzu3Tbb/DCWfddEWmS4I.ioyM4J41zXAeCrrSFKIE7F.WKUuMmtO', 'test15@gmail.com', 'artisan', NULL, NULL, '2023-10-28 01:17:50', '2023-10-28 01:17:50'),
	(9, 'azeazeaze', '$2y$04$nwUQxL4lHmbf.otWZv1jD.DUo930QW9Vu9Q20q2K8MJezYO3nNTt6', 'test16@gmail.com', 'artisan', NULL, NULL, '2023-10-28 01:18:40', '2023-10-28 01:18:40'),
	(10, 'test17', '$2y$04$HYbohko41TWXnlagIk7zo.VPtn.qG7jvWxsutkaCvrbwVE/VnmDMG', 'test17@gmail.com', 'artisan', NULL, NULL, '2023-10-28 01:33:32', '2023-10-28 01:33:32'),
	(11, 'test18', '$2y$04$HN3WFnVX9W/uil1Mt4edvOlec91T7KYQIXwPQ858fvQb8RojkYX5W', 'test18@gmail.com', 'artisan', NULL, NULL, '2023-10-28 01:35:00', '2023-10-28 01:35:00'),
	(12, 'test18', '$2y$04$343KHR8DkZhrTpZAjHyOCeyoQYFYYbYKV5sUHDWnFne.tZpNwxrmm', 'test18@gmail.com', 'artisan', NULL, NULL, '2023-10-28 01:49:14', '2023-10-28 01:49:14'),
	(13, 'client', '$2y$04$NGTML8HmPibhZiDhH7l0uO6Nt5.nJtHHoa2M6zdE7oG8yQVZF0Ng2', 'client@gmail.com', 'client', NULL, NULL, '2023-11-05 12:37:28', '2023-11-05 12:37:28'),
	(15, 'test101', '$2y$04$DnRvLKTDN4w0VJHJ/9FhjOzUi.GXwtppfZLPfODBM.Pii5squhGzu', 'teazkeo@gmail.com', 'artisan', NULL, NULL, '2023-11-05 14:16:37', '2023-11-05 14:16:37'),
	(17, 'oakesdfoak', '$2y$04$Kj6slfTGaMCWSeLRpefEcOC73yI.qYRbJ0zsuZcolbf9zBd5bm9He', 'aozkeajijzefra@gmail.com', 'artisan', NULL, NULL, '2023-11-05 14:33:33', '2023-11-05 14:33:33'),
	(18, 'test2aizokej', '$2y$04$O/qnsY/Ydxmf3R5s17lQC.5T8M2tl/yf9wv8nHrvnPQlqItnZAHr2', 'azekjaziojfa@gmail.com', 'artisan', NULL, NULL, '2023-11-05 14:39:19', '2023-11-05 14:39:19'),
	(20, 'jean2', '$2y$04$TErmNKhNzKj.8h1mKwvuHeRmjs/8rLs2wp92GhFR/u/2pfyfdmPni', 'jean2@gmail.com', 'artisan', NULL, NULL, '2023-11-05 17:16:48', '2023-11-05 17:16:48'),
	(21, 'Jean3', '$2y$04$wV7Nm17IpUl3Opb3Mqry7OX7ZaHZH5IaSKFHwpjZigV7YE/bGKFvi', 'jean3@gmail.com', 'craftsman', NULL, NULL, '2023-11-05 17:42:18', '2023-11-05 17:42:18'),
	(26, 'jean20', '$2y$04$5fxrWos7H8c5PCnRsKmyEO0a8F7BOXcWck.NzEGTjR9d4Oz0jD.vK', 'jean20@gmail.com', 'craftsman', NULL, NULL, '2023-11-06 00:11:49', '2023-11-06 00:11:49'),
	(27, 'jean21', '$2y$04$4XFDEix4b8YD5eEnmCav/.l8wntinuNSeh6jY3IOTxoTEh7m9m1u.', 'jean21@gmail.com', 'craftsman', NULL, NULL, '2023-11-06 00:12:12', '2023-11-06 00:12:12'),
	(28, 'jean25', '$2y$04$4x8HqMKD4GXrGwfP5LGuv.HMQ6DpLJgfPsVp0dzANWoCYFcviffWC', 'jean25@gmail.com', 'craftsman', NULL, NULL, '2023-11-06 00:20:06', '2023-11-06 00:20:06'),
	(29, 'a5ze1', '$2y$04$N4DyJmRmBFrDYY.aTGMFw.Qw/AVBBfBIedZNwJKLvJWy1GV1FIvIK', 'zekdjaiok@gmail.com', 'craftsman', NULL, NULL, '2023-11-06 00:21:19', '2023-11-06 00:21:19'),
	(30, 'tutu@gmail.com', '$2y$04$1PIT2H9sDIOXON81gdI0beP3FecpmamV0IugCQx7n3ShLD3sWHz1e', 'tutu@gmail.com', 'craftsman', NULL, NULL, '2023-11-06 00:22:01', '2023-11-06 00:22:01'),
	(31, 'tata', '$2y$04$pucIbigHg2/kos7LOikqqOO1wZF5lgEeostOGc0TaTM/5NBA5phLG', 'tata@gmail.com', 'craftsman', NULL, NULL, '2023-11-06 00:22:47', '2023-11-06 00:22:47'),
	(32, 'titi', '$2y$04$TaAndWwCxtDlxJwsPWO8a.iNT7321kJ1VbhRsVFS5Vs3ILWYFbHC.', 'titi@gmail.com', 'craftsman', NULL, NULL, '2023-11-06 00:23:58', '2023-11-06 00:23:58'),
	(33, 'yas', '$2y$04$MY6G6pmjakGm.VRv80LVTuvHKZFS7Fu9jTVL/hrpq0vnTIpKR6o3y', 'yas@gmail.com', 'craftsman', NULL, NULL, '2023-11-06 00:25:31', '2023-11-06 00:25:31'),
	(34, 'last', '$2y$04$3cW9/ytvHAK7v7h7fd7nr.gz5.gGAPKUUG6S67MbKgKld53LIUHMW', 'last@gmail.com', 'craftsman', NULL, NULL, '2023-11-06 00:39:10', '2023-11-06 00:39:10'),
	(35, 'lol1', '$2y$04$QNugZ4gljAWUp83lOCtWwOHBXZWp1OBtGnD9Rm2PFWVZMqh2Xmclq', 'lol1@gmail.com', 'craftsman', NULL, NULL, '2023-11-06 00:42:06', '2023-11-06 00:42:06'),
	(36, 'lol2', '$2y$04$VPQ96Qecr10ANLoNRnT0LedaD5yUmp3Drg0nzkaxWQz0vR1P6ZnY2', 'lol2@gmail.com', 'craftsman', NULL, NULL, '2023-11-06 00:44:04', '2023-11-06 00:44:04'),
	(37, 'lolol', '$2y$04$W9d50/hYlRqt/7bHPG60G.5nqgW2t1QzJsV92dZjFB2XcGi6BycKS', 'lolol@gmail.com', 'craftsman', NULL, NULL, '2023-11-06 01:01:13', '2023-11-06 01:01:13'),
	(38, 'lol15', '$2y$04$DrxM0.pRXXvfkur38g141u6jy0LKXxnPa8NfYr8xkqHszGHcJtCBi', 'lol15@gmail.com', 'craftsman', NULL, NULL, '2023-11-06 01:02:25', '2023-11-06 01:02:25'),
	(39, 'mama1', '$2y$04$3Yw2sjAdbqeFOpIuY15uve4EygzobmUX9/umjq638hCaOyNXQ5POO', 'mama1@gmail.com', 'craftsman', NULL, NULL, '2023-11-06 01:28:02', '2023-11-06 01:28:02'),
	(40, 'xxx1', '$2y$04$qqx4n14kKtA0fw.QSD5r..mbo2.6ErcaLOzvgVz4bDspw6i3grYC.', 'xxx1@gmail.com', 'craftsman', NULL, NULL, '2023-11-06 01:28:29', '2023-11-06 01:28:29'),
	(41, 'tata2', '$2y$04$kD6ZAwu5IGTGfdNv9xdKNecw9TlAKVtB.59eMRYFCAtELu95mo1.O', 'tata2@gmail.com', 'craftsman', NULL, NULL, '2023-11-06 01:29:29', '2023-11-06 01:29:29'),
	(42, 'tata3', '$2y$04$DvoygYWQ3WByN.dUzzadwe6mFU5uOz8.im84Zx7Qcfj4RtsbrTDp2', 'tata3@gmail.com', 'craftsman', NULL, NULL, '2023-11-06 01:30:12', '2023-11-06 01:30:12'),
	(43, 'tata4', '$2y$04$2kxPzh0m50yj6vy8wTb77u5Ce1BqCKApt.Oq5piiSlnWBtJWrzNRq', 'tata4@gmail.com', 'craftsman', NULL, NULL, '2023-11-06 01:30:54', '2023-11-06 01:30:54'),
	(44, 'izaej', '$2y$04$DL7uaRND/laXtBy7BxxLj.5Pk6qs464oIxo5xBLDW0DkcSQ86H9uC', 'azieja@gmail.com', 'craftsman', NULL, NULL, '2023-11-06 01:32:32', '2023-11-06 01:32:32'),
	(45, 'loleur', '$2y$04$fnQtZDumW9WnUQkBWAmdzOR7cniL6S9v7O6hVC3px5UC74NeIPrla', 'loleur@gmail.com', 'craftsman', NULL, NULL, '2023-11-06 01:33:42', '2023-11-06 01:33:42'),
	(46, 'lolad', '$2y$04$jEm0GoUeiXUHQBSkORgkpewCh.PrRxfWa9/RCjgsNXoh9IZUz/B7S', 'lolad@gmail.com', 'craftsman', NULL, NULL, '2023-11-06 01:34:12', '2023-11-06 01:34:12'),
	(47, 'lolad1', '$2y$04$YEcTg8FWK/K5MUjZOXY5NujSmMzDcWhJbWUqVP5oTKYv7dnJ7VIz.', 'lolad1@gmail.com', 'craftsman', NULL, NULL, '2023-11-06 01:34:51', '2023-11-06 01:34:51'),
	(48, 'test181', '$2y$04$nzlglRMt3qekIyi3zaMlSug6n34xEdykSSWXOaK5sxJKQVWMn/OQu', 'test181@gmail.com', 'craftsman', NULL, NULL, '2023-11-06 01:35:18', '2023-11-06 01:35:18'),
	(49, 'test2', '$2y$04$NPQ/7QxAzEkPDI5C8sM/weQ7itkwxYR19QGVIEDpvwRCVyrbcO3Ea', 'azejaiej@gmail.com', 'craftsman', NULL, NULL, '2023-11-06 01:35:45', '2023-11-06 01:35:45'),
	(50, 'te54r', '$2y$04$9TVwWe.0ElJwCKjQFdeX6OjZod2MVo2nbsJSbhz9jsh75BTw0LeCO', 'azpkagjiao@gmail.com', 'craftsman', NULL, NULL, '2023-11-06 01:36:55', '2023-11-06 01:36:55'),
	(51, 'iajzifajfi', '$2y$04$WyVwBkibcPiNcMTYUs5Kj.ifKNgpYGV3u6wNdW0iaSd2Zvnuy1KoW', 'gaokzejagmail@gmail.com', 'craftsman', NULL, NULL, '2023-11-06 01:39:48', '2023-11-06 01:39:48'),
	(52, 'teaijezai', '$2y$04$WfZyIJP4B4C/V.PNo575ou4hCREQxh.zMlJvU5axOC15U2vjIAZ76', 'aijzifajijaiejga@gmail.com', 'craftsman', NULL, NULL, '2023-11-06 01:47:15', '2023-11-06 01:47:15'),
	(53, 'aozeazoe', '$2y$04$7hLyTUaU93BnTrGxcsAzdOXcBjpXa9kl15vlS/QiqXl6Dg5A/PgSC', 'aozkeoazkeoa@gmail.com', 'craftsman', NULL, NULL, '2023-11-06 01:48:08', '2023-11-06 01:48:08'),
	(54, 'test2azea', '$2y$04$EkRNcrL5FRy3z1JdOLU1GuLguEJyeViQHtYCHeq.J4YILK1meMm1u', 'azezatavdza@gmail.com', 'craftsman', NULL, NULL, '2023-11-06 01:49:17', '2023-11-06 01:49:17'),
	(55, 'oazkeoae', '$2y$04$8aiXpMilPmHOx72o/4hJ/e.su71gxWy84mHt1w9PhhW1r1r2HoVki', 'ajzkaoikzpeaepa@gmail.com', 'craftsman', NULL, NULL, '2023-11-06 01:49:49', '2023-11-06 01:49:49'),
	(56, 'test2zzz', '$2y$04$BqpfDUJksGRHVSM5y7BPy./SA6CZHjdsZ7Hw1a7k/FLJJSW1t0J9e', 'zezaeazeza@gmail.com', 'craftsman', NULL, NULL, '2023-11-06 01:50:20', '2023-11-06 01:50:20'),
	(57, 'azazzazaa', '$2y$04$tiYUJdzZNVZEwS4LTfuOoe7ifFx8gRKJv7BTTls/YOGAvFqXhU132', 'azaazaa@gmail.com', 'craftsman', NULL, NULL, '2023-11-06 01:51:23', '2023-11-06 01:51:23'),
	(58, 'leroi', '$2y$04$1T2bVI2hh/aggIEYZAe.2uChYEH74TVi8zraWKsn.Dr3rK7tgJNBC', 'leroi@gmail.com', 'craftsman', NULL, NULL, '2023-11-06 01:52:57', '2023-11-06 01:52:57'),
	(59, 'lasttest', '$2y$04$ezllgX2WsBfIxUOWo.9UyebyISfpvmk64Xxy/A1a4tBUpzZJu5uvC', 'lasttest@gmail.com', 'craftsman', NULL, NULL, '2023-11-06 01:57:07', '2023-11-06 01:57:07'),
	(60, 'pet', '$2y$04$fYJCepC0KnLq2muW0Rob1u0dunpEziwijdgUx7V.J9VYHZagU8VMO', 'pet@gmail.com', 'craftsman', NULL, NULL, '2023-11-06 02:00:43', '2023-11-07 18:23:03'),
	(61, 'Kazae', '$2y$04$iZDrlaCCfsjbMiN2MwvEAOs5Wwb/rUp4imXIFb97xhE7lkPUDkBnW', 'Kazae@gmail.com', 'craftsman', NULL, NULL, '2023-11-07 22:10:28', '2023-11-09 07:23:55'),
	(62, 'Kazae2', '$2y$04$FZOoxE9F4VcJ4w1ejt.wZeo6xaR7MexEpFbiDJgiiUz4pj9bEU4p.', 'Kazae2@gmail.com', 'craftsman', NULL, NULL, '2023-11-08 04:39:37', '2023-11-08 04:39:37'),
	(63, 'Kazae3', '$2y$04$6Hy1zwaVAm6NPulGYWPygOy8I15uxxm1nQ2Pgmbv53QZO/heVhQwu', 'Kazae3@gmail.com', 'customer', NULL, NULL, '2023-11-09 08:39:12', '2023-11-09 08:39:12'),
	(64, 'Kaztest', '$2y$04$MbJqJ4rTUUzV2RvlAiPb8e4gzQsJHbTaavoA4dT8GBpOG760oZTUG', 'Kaztest@gmail.com', 'craftsman', NULL, NULL, '2023-11-12 18:39:05', '2023-11-12 18:39:05'),
	(65, 'testachat', '$2y$04$v6BvZzMZLUqL2AWmKnWSl.k0gL1PcZ1I/p.5TC/7b4lIWTeNeCYwm', 'testachat@gmail.com', 'craftsman', NULL, NULL, '2023-11-12 21:35:10', '2023-11-12 21:35:10'),
	(66, 'Lareine', '$2y$04$lk5LN0UdRa3zSaMC5txxaOx.mwtZBNpCDRj2RVRYQfw7.wGUFWzxi', 'Lareine@gmail.com', 'craftsman', NULL, NULL, '2023-11-13 13:29:10', '2023-11-13 13:29:10'),
	(67, 'adress', '$2y$04$5fYKGF8b9YuiCR9Svkf7JOEoCqlib2HNN4t0HEVFf5ShAkPJ6rn/G', 'adress@gmail.com', 'craftsman', NULL, NULL, '2023-11-13 19:03:27', '2023-11-13 19:03:27'),
	(68, 'Nouveau', '$2y$04$0CT.Taiue2IcKTPoJ1Lbie.XgNsHxo1fMF/.Php5X.eD.CaZxj1MO', 'Nouveau@gmail.com', 'craftsman', NULL, NULL, '2023-11-13 19:06:54', '2023-11-13 19:25:03'),
	(69, 'az123', '$2y$04$IV6LZHLMzlzldx0gIslzIumhp1TrFcTdDBoMVIrZ4UpELEm9qXm..', 'az123@gmail.com', 'craftsman', NULL, NULL, '2023-11-14 08:38:47', '2023-11-14 08:38:47'),
	(70, 'titi1', '$2y$04$kukIKvrbzuB6UMEDXhwUuu1BbY6xMVsZeJBmKfn/m7rP03xtRWywW', 'titi1@gmail.com', 'craftsman', NULL, NULL, '2023-11-14 08:43:34', '2023-11-14 08:43:34'),
	(71, 'Testfinal', '$2y$04$/TOESQSGvu4dJLlRnlBUweNoj9Zmz2NHgItbbCFYPekWsQDUZzo6S', 'Testfinal@gmail.com', 'craftsman', NULL, NULL, '2023-11-14 13:14:01', '2023-11-14 13:16:59'),
	(72, 'test500', '$2y$04$hfVxgTGQ3ajTbMmb6MMsPuaBuUsu.g2J9uN0OsiUlpHsOpgqOmXV2', 'test500@gmail.com', 'craftsman', NULL, NULL, '2023-11-14 13:33:44', '2023-11-14 13:33:44'),
	(73, 'test400', '$2y$04$TI2BPHJqF/6lsOtw2pQZzOHIES8fLK5GllPXTpdQTgfav78o9fxOK', 'test400@gmail.com', 'craftsman', NULL, NULL, '2023-11-14 16:41:59', '2023-11-14 16:41:59'),
	(74, 'test100', '$2y$04$JkWRjmz7eZSB0ln16K3CUumzZhqtf3651tr/vU681R8SBYnlACcYW', 'test100@gmail.com', 'craftsman', NULL, NULL, '2023-11-14 18:12:31', '2023-11-14 18:12:31'),
	(75, 'test144', '$2y$04$Fh2ud.evk8kgg.l.9rfzze07tKzPK0jsi6YiRYa6W/uX1tzsO3nMm', 'test144@gmail.com', 'craftsman', NULL, NULL, '2023-11-14 19:58:36', '2023-11-14 19:58:36'),
	(76, 'Arnu', '$2y$04$NHAxZUQuTm2HWPBfK4xg1OKVwi9uLMsRcdSl3M5y9MeWqls4UGzAS', 'Arnu@gmail.com', 'craftsman', NULL, NULL, '2023-11-14 21:51:43', '2023-11-14 21:51:43'),
	(77, 'Kaz15', '$2y$04$LFTxkXAoTEugSdnXHlhVIeomP29KUGqtSfAo3S6tf6AFG8LFrYICm', 'Kaz15@gmail.com', 'craftsman', NULL, NULL, '2023-11-16 11:25:30', '2023-11-16 11:25:30'),
	(78, 'Login1', '$2y$04$zPM/yYv.MQSuCsfXHhaEYOby1rJLpp7.qDZhJB.kKTt7TU3J6/G/y', 'Login1@gmail.com', 'craftsman', NULL, NULL, '2023-11-16 22:50:31', '2023-11-16 22:50:31'),
	(79, 'Kaz67', '$2y$04$xGKPai/p4gWS8KOQtLzuTuvexTf0/SY3DGtebd6JEvsYVghsGcy4S', 'Kaz67@gmail.com', 'craftsman', '2023-11-19 22:51:56', NULL, '2023-11-19 19:06:59', '2023-11-19 19:06:59');

-- Listage de la structure de table projet. wishlist
CREATE TABLE IF NOT EXISTS `wishlist` (
  `id` int NOT NULL AUTO_INCREMENT,
  `user_id` int NOT NULL,
  `product_id` int NOT NULL,
  `added_at` datetime DEFAULT NULL COMMENT '(DC2Type:datetime_immutable)',
  PRIMARY KEY (`id`),
  KEY `IDX_9CE12A31A76ED395` (`user_id`),
  KEY `IDX_9CE12A314584665A` (`product_id`),
  CONSTRAINT `FK_9CE12A314584665A` FOREIGN KEY (`product_id`) REFERENCES `product` (`id`),
  CONSTRAINT `FK_9CE12A31A76ED395` FOREIGN KEY (`user_id`) REFERENCES `user` (`id`)
) ENGINE=InnoDB AUTO_INCREMENT=19 DEFAULT CHARSET=utf8mb4 COLLATE=utf8mb4_unicode_ci;

-- Listage des données de la table projet.wishlist : ~2 rows (environ)
INSERT INTO `wishlist` (`id`, `user_id`, `product_id`, `added_at`) VALUES
	(10, 70, 1, '2023-11-14 13:13:01'),
	(17, 77, 1, '2023-11-16 12:34:16');

/*!40103 SET TIME_ZONE=IFNULL(@OLD_TIME_ZONE, 'system') */;
/*!40101 SET SQL_MODE=IFNULL(@OLD_SQL_MODE, '') */;
/*!40014 SET FOREIGN_KEY_CHECKS=IFNULL(@OLD_FOREIGN_KEY_CHECKS, 1) */;
/*!40101 SET CHARACTER_SET_CLIENT=@OLD_CHARACTER_SET_CLIENT */;
/*!40111 SET SQL_NOTES=IFNULL(@OLD_SQL_NOTES, 1) */;
