-- --------------------------------------------------------
-- Hôte:                         127.0.0.1
-- Version du serveur:           8.0.30 - MySQL Community Server - GPL
-- SE du serveur:                Win64
-- HeidiSQL Version:             12.1.0.6537
-- --------------------------------------------------------

/*!40101 SET @OLD_CHARACTER_SET_CLIENT=@@CHARACTER_SET_CLIENT */;
/*!40101 SET NAMES utf8 */;
/*!50503 SET NAMES utf8mb4 */;
/*!40103 SET @OLD_TIME_ZONE=@@TIME_ZONE */;
/*!40103 SET TIME_ZONE='+00:00' */;
/*!40014 SET @OLD_FOREIGN_KEY_CHECKS=@@FOREIGN_KEY_CHECKS, FOREIGN_KEY_CHECKS=0 */;
/*!40101 SET @OLD_SQL_MODE=@@SQL_MODE, SQL_MODE='NO_AUTO_VALUE_ON_ZERO' */;
/*!40111 SET @OLD_SQL_NOTES=@@SQL_NOTES, SQL_NOTES=0 */;


-- Listage de la structure de la base pour projet
CREATE DATABASE IF NOT EXISTS `projet` /*!40100 DEFAULT CHARACTER SET utf8mb4 COLLATE utf8mb4_0900_ai_ci */ /*!80016 DEFAULT ENCRYPTION='N' */;
USE `projet`;

-- Listage de la structure de table projet. adress
CREATE TABLE IF NOT EXISTS `adress` (
  `id` int NOT NULL AUTO_INCREMENT,
  `user_id` int DEFAULT NULL,
  `type` varchar(255) CHARACTER SET utf8mb4 COLLATE utf8mb4_unicode_ci NOT NULL,
  `street` varchar(255) CHARACTER SET utf8mb4 COLLATE utf8mb4_unicode_ci NOT NULL,
  `city` varchar(255) CHARACTER SET utf8mb4 COLLATE utf8mb4_unicode_ci NOT NULL,
  `state` varchar(255) CHARACTER SET utf8mb4 COLLATE utf8mb4_unicode_ci DEFAULT NULL,
  `postal_code` varchar(10) CHARACTER SET utf8mb4 COLLATE utf8mb4_unicode_ci NOT NULL,
  `country` varchar(255) CHARACTER SET utf8mb4 COLLATE utf8mb4_unicode_ci NOT NULL,
  `is_default_billing` tinyint(1) NOT NULL,
  `is_default_delivery` tinyint(1) NOT NULL,
  `is_active` tinyint(1) NOT NULL,
  PRIMARY KEY (`id`),
  KEY `IDX_5CECC7BEA76ED395` (`user_id`),
  CONSTRAINT `FK_5CECC7BEA76ED395` FOREIGN KEY (`user_id`) REFERENCES `user` (`id`)
) ENGINE=InnoDB AUTO_INCREMENT=202 DEFAULT CHARSET=utf8mb4 COLLATE=utf8mb4_unicode_ci;

-- Listage des données de la table projet.adress : ~68 rows (environ)
INSERT INTO `adress` (`id`, `user_id`, `type`, `street`, `city`, `state`, `postal_code`, `country`, `is_default_billing`, `is_default_delivery`, `is_active`) VALUES
	(108, 79, 'billing', 'Billing 10', 'testezaae', 'azeazezaea', '67100', 'FR', 0, 0, 1),
	(109, 79, 'billing', 'Billing', 'Billing', 'azeaze', '67100', 'FR', 0, 0, 0),
	(110, 79, 'delivery', 'Delivery', 'test', 'azeaze', '67100', 'FR', 0, 0, 0),
	(111, 79, 'delivery', 'Delivery', 'test', 'azeaze', '67100', 'FR', 0, 0, 0),
	(112, 79, 'delivery', 'test', 'test', 'azeaze', '67100', 'FR', 0, 0, 0),
	(113, 79, 'billing', 'aaaa', 'test', 'azeaze', '67100', 'FR', 0, 0, 0),
	(114, 79, 'billing', 'tata', 'test', 'azeaze', '67100', 'FR', 0, 0, 0),
	(115, 79, 'delivery', 'tatata', 'test', 'azeaze', '67100', 'FR', 0, 0, 0),
	(116, 79, 'billing', 'tatatata', 'test', 'azeaze', '67100', 'FR', 0, 0, 0),
	(117, 80, 'billing', 'Anonymized', 'Anonymized', 'Anonymized', '00000', 'Anonymized', 0, 0, 1),
	(118, 80, 'delivery', 'Anonymized', 'Anonymized', 'Anonymized', '00000', 'Anonymized', 0, 0, 0),
	(119, 81, 'delivery', 'Anonymized', 'Anonymized', 'Anonymized', '00000', 'Anonymized', 0, 0, 0),
	(120, 81, 'billing', 'Anonymized', 'Anonymized', 'Anonymized', '00000', 'Anonymized', 0, 0, 0),
	(121, 83, 'delivery', 'Final delivery', 'My city', 'My state', '67100', 'FR', 0, 0, 0),
	(122, 83, 'billing', 'Final Billing', 'Billing final', 'Final state', '67100', 'FR', 0, 0, 0),
	(123, 84, 'billing', 'Billing test test 2', 'test', 'azeaze', '67100', 'FR', 0, 0, 0),
	(124, 84, 'delivery', 'Delivery test', 'test', 'azeaze', '67100', 'FR', 0, 0, 1),
	(129, 88, 'billing', 'Billing haha', 'test', 'azeaze', '67100', 'DE', 0, 0, 1),
	(130, 88, 'delivery', 'Delivery haha', 'test', 'azeaze', '67100', 'AD', 0, 0, 1),
	(131, 91, 'billing', 'Billing 100', 'test', 'azeaze', '67100', 'FR', 0, 0, 1),
	(132, 91, 'delivery', 'Delivery 400', 'Delivery city', 'Delivery province', '67100', 'FR', 0, 0, 1),
	(133, 93, 'billing', 'Billing FINAL LOL', 'test', 'azeaze', '67100', 'FR', 0, 0, 1),
	(134, 93, 'delivery', 'Delivery FINAL TEST', 'Delivery city', 'Delivery province', '67100', 'FR', 0, 0, 1),
	(135, 94, 'billing', 'Anonymized', 'Anonymized', 'Anonymized', '00000', 'Anonymized', 0, 0, 1),
	(136, 94, 'delivery', 'Anonymized', 'Anonymized', 'Anonymized', '00000', 'Anonymized', 0, 0, 1),
	(138, 102, 'billing', 'Anonymized', 'Anonymized', 'Anonymized', '00000', 'Anonymized', 0, 0, 1),
	(139, 102, 'delivery', 'Anonymized', 'Anonymized', 'Anonymized', '00000', 'Anonymized', 0, 0, 1),
	(140, 121, 'billing', 'Anonymized', 'Anonymized', 'Anonymized', '00000', 'Anonymized', 0, 0, 1),
	(141, 124, 'billing', 'Billing test', 'test', 'azeaze', '67100', 'FR', 0, 0, 1),
	(142, 131, 'billing', 'Billing test', 'test', 'azeaze', '67100', 'FR', 0, 0, 1),
	(144, 139, 'billing', 'Anonymized', 'Anonymized', 'Anonymized', 'XX-000', 'Anonymized', 0, 0, 1),
	(145, 140, 'delivery', 'Anonymized', 'Anonymized', 'Anonymized', 'XX-000', 'Anonymized', 0, 0, 1),
	(146, 140, 'billing', 'Anonymized', 'Anonymized', 'Anonymized', 'XX-000', 'Anonymized', 0, 0, 1),
	(147, 142, 'billing', 'Anonymized', 'Anonymized', 'Anonymized', '00000', 'Anonymized', 0, 0, 1),
	(148, 143, 'billing', 'Anonymized', 'Anonymized', 'Anonymized', '00000', 'Anonymized', 0, 0, 1),
	(149, 144, 'billing', 'Anonymized', 'Anonymized', 'Anonymized', '00000', 'Anonymized', 0, 0, 1),
	(150, 145, 'billing', 'Billing test', 'test', 'azeaze', '67100', 'FR', 0, 0, 1),
	(151, 146, 'billing', 'Billing test', 'test', 'azeaze', '67100', 'FR', 0, 0, 1),
	(152, 148, 'billing', 'Anonymized', 'Anonymized', 'Anonymized', 'XX-000', 'Anonymized', 0, 0, 1),
	(153, 147, 'billing', 'Billing test', 'test', 'azeaze', '67100', 'FR', 0, 0, 1),
	(154, 149, 'billing', 'Anonymized', 'Anonymized', 'Anonymized', 'XX-000', 'Anonymized', 0, 0, 1),
	(155, 151, 'billing', 'Anonymized', 'Anonymized', 'Anonymized', '00000', 'Anonymized', 0, 0, 1),
	(156, 152, 'billing', 'Billing PRINCE', 'test', 'azeaze', '67100', 'FR', 0, 0, 1),
	(157, 153, 'billing', 'Anonymized', 'Anonymized', 'Anonymized', '00000', 'Anonymized', 0, 0, 1),
	(158, 154, 'billing', 'Anonymized', 'Anonymized', 'Anonymized', 'XX-000', 'Anonymized', 0, 0, 1),
	(159, 155, 'billing', 'Billing test', 'test', 'azeaze', '67100', 'FR', 0, 0, 1),
	(160, 156, 'billing', 'Anonymized', 'Anonymized', 'Anonymized', 'XX-000', 'Anonymized', 0, 0, 1),
	(161, 157, 'billing', 'Anonymized', 'Anonymized', 'Anonymized', 'XX-000', 'Anonymized', 0, 0, 1),
	(179, 161, 'billing', 'Billing test', 'test', 'azeaze', '67100', 'FR', 0, 0, 1),
	(180, 161, 'delivery', 'Delivery 10', 'Delivery city', 'Delivery province', '67100', 'FR', 0, 0, 1),
	(183, 163, 'billing', 'Anonymized', 'Anonymized', 'Anonymized', 'XX-000', 'Anonymized', 0, 0, 1),
	(184, 163, 'delivery', 'Anonymized', 'Anonymized', 'Anonymized', 'XX-000', 'Anonymized', 0, 0, 1),
	(185, 167, 'billing', 'Anonymized', 'Anonymized', 'Anonymized', 'XX-000', 'Anonymized', 0, 0, 1),
	(186, 168, 'billing', 'Anonymized', 'Anonymized', 'Anonymized', 'XX-000', 'Anonymized', 0, 0, 1),
	(187, 172, 'billing', 'Anonymized', 'Anonymized', 'Anonymized', 'XX-000', 'Anonymized', 0, 0, 1),
	(188, 174, 'billing', 'Anonymized', 'Anonymized', 'Anonymized', 'XX-000', 'Anonymized', 0, 0, 1),
	(189, 158, 'billing', 'Anonymized', 'Anonymized', 'Anonymized', 'XX-000', 'Anonymized', 0, 0, 1),
	(190, 165, 'billing', 'Billing 4', 'test', 'azeaze', '67100', 'FR', 0, 0, 1),
	(191, 165, 'delivery', 'Billing 4', 'test', 'azeaze', '67100', 'FR', 0, 0, 1),
	(193, 176, 'delivery', 'DELIVERY test FINALLLOOz', 'test', 'azeaze', '67100', 'FR', 0, 0, 1),
	(194, 177, 'delivery', 'Anonymized', 'Anonymized', 'Anonymized', 'XX-000', 'Anonymized', 0, 0, 1),
	(195, 178, 'billing', 'Anonymized', 'Anonymized', 'Anonymized', 'XX-000', 'Anonymized', 0, 0, 1),
	(196, 179, 'billing', 'Anonymized', 'Anonymized', 'Anonymized', 'XX-000', 'Anonymized', 0, 0, 1),
	(197, 179, 'delivery', 'Anonymized', 'Anonymized', 'Anonymized', 'XX-000', 'Anonymized', 0, 0, 1),
	(198, 176, 'billing', 'Delivery 10', 'Delivery city', 'Delivery province', '67100', 'FR', 0, 0, 1),
	(199, 180, 'delivery', '23 Rue des Canonniers', 'Strasbourg', NULL, '67100', 'FR', 0, 0, 1),
	(200, 181, 'billing', 'Anonymized', 'Anonymized', 'Anonymized', 'XX-000', 'Anonymized', 0, 0, 1),
	(201, 182, 'billing', 'Anonymized', 'Anonymized', 'Anonymized', 'XX-000', 'Anonymized', 0, 0, 1);

-- Listage de la structure de table projet. archived_order
CREATE TABLE IF NOT EXISTS `archived_order` (
  `id` int NOT NULL AUTO_INCREMENT,
  `archived_at` datetime NOT NULL,
  `user_name` varchar(255) CHARACTER SET utf8mb4 COLLATE utf8mb4_unicode_ci NOT NULL,
  `address_details` longtext CHARACTER SET utf8mb4 COLLATE utf8mb4_unicode_ci NOT NULL,
  `total` decimal(10,2) NOT NULL,
  `status` varchar(255) CHARACTER SET utf8mb4 COLLATE utf8mb4_unicode_ci NOT NULL,
  `created_at` datetime NOT NULL,
  `first_name` varchar(255) COLLATE utf8mb4_unicode_ci DEFAULT NULL,
  `last_name` varchar(255) COLLATE utf8mb4_unicode_ci DEFAULT NULL,
  PRIMARY KEY (`id`)
) ENGINE=InnoDB AUTO_INCREMENT=162 DEFAULT CHARSET=utf8mb4 COLLATE=utf8mb4_unicode_ci;

-- Listage des données de la table projet.archived_order : ~161 rows (environ)
INSERT INTO `archived_order` (`id`, `archived_at`, `user_name`, `address_details`, `total`, `status`, `created_at`, `first_name`, `last_name`) VALUES
	(1, '2023-11-16 18:40:55', 'Kaz15', 'Information d\'adresse ici', 50.00, 'confirmed', '2023-11-16 18:36:33', NULL, NULL),
	(2, '2023-11-16 20:31:13', 'Kaz15', 'test, test, azeaze, 67100, FR', 20.00, 'confirmed', '2023-11-16 20:17:58', NULL, NULL),
	(3, '2023-11-16 20:36:49', 'Kaz15', 'test, test, azeaze, 67100, FR', 329.99, 'confirmed', '2023-11-16 20:36:01', NULL, NULL),
	(4, '2023-11-16 20:40:55', 'Kaz15', 'test, test, azeaze, 67100, FR', 10.00, 'confirmed', '2023-11-16 20:40:35', NULL, NULL),
	(5, '2023-11-16 21:03:18', 'Kaz15', 'test, test, azeaze, 67100, FR', 10.00, 'confirmed', '2023-11-16 21:03:01', NULL, NULL),
	(6, '2023-11-16 22:05:38', 'Kaz15', 'Address not provided', 10.00, 'confirmed', '2023-11-16 22:05:20', NULL, NULL),
	(7, '2023-11-16 22:08:00', 'Kaz15', 'Address not provided', 10.00, 'confirmed', '2023-11-16 22:07:45', NULL, NULL),
	(8, '2023-11-16 22:19:12', 'Kaz15', 'Address not provided', 10.00, 'confirmed', '2023-11-16 22:18:56', NULL, NULL),
	(9, '2023-11-16 22:26:27', 'Kaz15', 'Address not provided', 10.00, 'confirmed', '2023-11-16 22:26:10', NULL, NULL),
	(10, '2023-11-16 22:49:16', 'Kaz15', 'test, test, azeaze, 67100, FR', 10.00, 'confirmed', '2023-11-16 22:48:48', NULL, NULL),
	(11, '2023-11-16 22:51:48', 'Login1', 'Delivery, city, state, 67100, FR', 10.00, 'confirmed', '2023-11-16 22:51:35', NULL, NULL),
	(12, '2023-11-16 22:52:44', 'Login1', 'Delivery, city, state, 67100, FR', 10.00, 'confirmed', '2023-11-16 22:52:29', NULL, NULL),
	(13, '2023-11-16 22:54:05', 'Login1', 'Street, City, State, 67100, FR', 10.00, 'confirmed', '2023-11-16 22:53:50', NULL, NULL),
	(14, '2023-11-16 22:55:54', 'Login1', 'Street Billing, City Billing, State Billing, 67100, FR', 10.00, 'confirmed', '2023-11-16 22:55:41', NULL, NULL),
	(15, '2023-11-16 22:57:15', 'Login1', 'Street Billing, City Billing, State Billing, 67100, FR', 10.00, 'confirmed', '2023-11-16 22:56:58', NULL, NULL),
	(16, '2023-11-16 22:57:58', 'Login1', 'Street Billing, City Billing, State Billing, 67100, FR', 10.00, 'confirmed', '2023-11-16 22:57:44', NULL, NULL),
	(17, '2023-11-16 22:58:52', 'Login1', 'Street Billing, City Billing, State Billing, 67100, FR', 10.00, 'confirmed', '2023-11-16 22:58:38', NULL, NULL),
	(18, '2023-11-16 23:38:50', 'Login1', 'Street Billing, City Billing, State Billing, 67100, FR', 10.00, 'confirmed', '2023-11-16 23:38:31', NULL, NULL),
	(19, '2023-11-17 00:12:35', 'Login1', 'test, test, azeaze, 67100, FR', 10.00, 'confirmed', '2023-11-17 00:12:19', NULL, NULL),
	(20, '2023-11-17 00:36:38', 'Login1', 'Address not provided', 10.00, 'confirmed', '2023-11-17 00:36:23', NULL, NULL),
	(21, '2023-11-17 00:46:04', 'Login1', 'test, test, azeaze, 67100, FR', 10.00, 'confirmed', '2023-11-17 00:45:41', NULL, NULL),
	(22, '2023-11-18 19:09:18', 'Login1', 'Delivery street, test, azeaze, 67100, FR', 20.00, 'confirmed', '2023-11-18 19:08:59', NULL, NULL),
	(23, '2023-11-18 19:11:32', 'Login1', 'Billing, test, azeaze, 67100, FR', 10.00, 'confirmed', '2023-11-18 19:11:12', NULL, NULL),
	(24, '2023-11-18 19:12:40', 'Login1', 'Billing, test, azeaze, 67100, FR', 10.00, 'confirmed', '2023-11-18 19:12:24', NULL, NULL),
	(25, '2023-11-18 19:14:32', 'Login1', 'Billing, test, azeaze, 67100, FR', 20.00, 'confirmed', '2023-11-18 19:14:13', NULL, NULL),
	(26, '2023-11-18 19:35:03', 'Login1', 'Billing, test, azeaze, 67100, FR', 10.00, 'confirmed', '2023-11-18 19:34:47', NULL, NULL),
	(27, '2023-11-18 19:52:28', 'Login1', 'Address not provided', 10.00, 'confirmed', '2023-11-18 19:51:03', NULL, NULL),
	(28, '2023-11-18 19:58:36', 'Login1', 'Address not provided', 20.00, 'confirmed', '2023-11-18 19:58:20', NULL, NULL),
	(29, '2023-11-18 22:22:09', 'Login1', 'testzzz, test, azeaze, 67100, FR', 20.00, 'confirmed', '2023-11-18 22:21:52', NULL, NULL),
	(30, '2023-11-18 22:23:47', 'Login1', 'testzzz, test, azeaze, 67100, FR', 10.00, 'confirmed', '2023-11-18 22:23:26', NULL, NULL),
	(31, '2023-11-18 22:24:37', 'Login1', 'testzzz, test, azeaze, 67100, FR', 10.00, 'confirmed', '2023-11-18 22:24:21', NULL, NULL),
	(32, '2023-11-19 18:54:33', 'Login1', 'testzzz, test, azeaze, 67100, FR', 30.00, 'confirmed', '2023-11-19 18:53:38', NULL, NULL),
	(33, '2023-11-19 20:16:16', 'Kaz67', 'Delivery, test, azeaze, 67100, FR', 20.00, 'confirmed', '2023-11-19 20:15:58', NULL, NULL),
	(34, '2023-11-19 22:26:19', 'Kaz67', 'Delivery 2, test, azeaze, 67100, FR', 70.00, 'confirmed', '2023-11-19 22:24:55', NULL, NULL),
	(35, '2023-11-20 06:44:57', 'Kaz67', 'test, test, azeaze, 67100, FR', 20.00, 'confirmed', '2023-11-20 06:44:40', NULL, NULL),
	(36, '2023-11-20 07:01:26', 'Kaz67', 'test, test, azeaze, 67100, FR', 10.00, 'confirmed', '2023-11-20 07:01:10', NULL, NULL),
	(37, '2023-11-20 07:14:00', 'Kaz67', 'test, test, azeaze, 67100, FR', 10.00, 'confirmed', '2023-11-20 07:13:42', NULL, NULL),
	(38, '2023-11-20 23:11:06', 'Kaz67', 'test, test, azeaze, 67100, FR', 10.00, 'confirmed', '2023-11-20 23:10:27', NULL, NULL),
	(39, '2023-11-20 23:14:07', 'Kaz67', 'test, test, azeaze, 67100, FR', 10.00, 'confirmed', '2023-11-20 23:13:44', NULL, NULL),
	(40, '2023-11-20 23:47:22', 'Kaz67', 'Address not provided', 10.00, 'confirmed', '2023-11-20 23:46:56', NULL, NULL),
	(41, '2023-11-21 11:07:51', 'Kaz2', 'Billing 4, City of billing, State of billing, 67100, FR', 20.00, 'confirmed', '2023-11-21 10:56:46', NULL, NULL),
	(42, '2023-11-21 11:51:55', 'Kaz2', 'Billing 4, City of billing, State of billing, 67100, FR', 20.00, 'confirmed', '2023-11-21 11:51:31', NULL, NULL),
	(43, '2023-11-21 11:54:12', 'Kaz2', 'Billing 4, City of billing, State of billing, 67100, FR', 10.00, 'confirmed', '2023-11-21 11:53:54', NULL, NULL),
	(44, '2023-11-21 12:20:58', 'Kaz2', 'Delivery 4, Delivery city, Delivery province, 67100, FR', 10.00, 'confirmed', '2023-11-21 12:20:28', NULL, NULL),
	(45, '2023-11-21 12:22:35', 'Kaz2', 'Billing 4, City of billing, State of billing, 67100, FR', 10.00, 'confirmed', '2023-11-21 12:22:17', NULL, NULL),
	(46, '2023-11-21 12:35:12', 'Kaz2', 'Billing 4, City of billing, State of billing, 67100, FR', 10.00, 'confirmed', '2023-11-21 12:34:54', NULL, NULL),
	(47, '2023-11-21 12:36:19', 'Kaz2', 'Delivery 4, Delivery city, Delivery province, 67100, FR', 10.00, 'confirmed', '2023-11-21 12:36:01', NULL, NULL),
	(48, '2023-11-21 14:06:33', 'Kaz2', 'Billing 4, City of billing, State of billing, 67100, FR', 10.00, 'confirmed', '2023-11-21 14:06:10', NULL, NULL),
	(49, '2023-11-21 14:13:58', 'Kaz2', 'Delivery 4, Delivery city, Delivery province, 67100, FR', 10.00, 'confirmed', '2023-11-21 14:13:36', 'Yass', 'Akgedik'),
	(50, '2023-11-21 14:33:15', 'Kaz2', 'Delivery 4, Delivery city, Delivery province, 67100, FR', 10.00, 'confirmed', '2023-11-21 14:32:57', 'yass', 'tesst'),
	(51, '2023-11-21 14:34:29', 'Kaz2', 'Billing 4, City of billing, State of billing, 67100, FR', 10.00, 'confirmed', '2023-11-21 14:34:06', 'Billing', 'test'),
	(52, '2023-11-21 15:05:32', 'Kaz2', 'Delivery 10, test, azeaze, 67100, FR', 10.00, 'confirmed', '2023-11-21 15:05:13', 'delivery name test', 'laozoea'),
	(53, '2023-11-21 15:27:00', 'Kaz2', 'Delivery 20, test, azeaze, 67100, FR', 10.00, 'confirmed', '2023-11-21 15:26:03', 'aztaztaztazata', 'azezaeaeazeazeatr'),
	(54, '2023-11-21 15:44:09', 'Kaz2', 'Billing 4, City of billing, State of billing, 67100, FR', 349.97, 'confirmed', '2023-11-21 15:43:51', 'Yaaas', 'AAAKg'),
	(55, '2023-11-21 15:48:11', 'Kaz2', 'Billing 4, City of billing, State of billing, 67100, FR', 60.00, 'confirmed', '2023-11-21 15:47:54', 'Yaaas', 'AAAKg'),
	(56, '2023-11-21 23:53:11', 'Kaz3', 'Delivery 4, Delivery city, Delivery province, 67100, FR', 20.00, 'confirmed', '2023-11-21 23:52:42', 'azeae', 'eazea'),
	(57, '2023-11-23 09:42:58', 'Kaz67', ', Delivery city, Delivery province, 67100, FR', 10.00, 'confirmed', '2023-11-23 09:42:37', 'TEST', 'TEST'),
	(58, '2023-11-23 09:45:48', 'Kaz67', ', test, azeaze, 67100, FR', 10.00, 'confirmed', '2023-11-23 09:45:31', 'Leroi', 'Lareine'),
	(59, '2023-11-23 10:08:56', 'Kaz3', 'Delivery 4, Delivery city, Delivery province, 67100, FR', 10.00, 'confirmed', '2023-11-23 10:08:35', 'Yaaas', 'AAAKg'),
	(60, '2023-11-23 10:10:32', 'Kaz3', 'test, test, azeaze, 67100, FR', 10.00, 'confirmed', '2023-11-23 10:10:10', 'Yaaas', 'AAAKg'),
	(61, '2023-11-23 10:15:43', 'Kaz3', 'test, test, azeaze, 67100, FR', 10.00, 'confirmed', '2023-11-23 10:15:20', 'Yaaas', 'AAAKg'),
	(62, '2023-11-23 10:18:24', 'Final123', 'Final delivery, My city, My state, 67100, FR', 10.00, 'confirmed', '2023-11-23 10:18:00', 'Yaaas', 'AAAKg'),
	(63, '2023-11-23 10:19:54', 'Final123', 'Final Billing, Billing final, Final state, 67100, FR', 10.00, 'confirmed', '2023-11-23 10:19:30', 'Yaaas', 'AAAKg'),
	(64, '2023-11-23 10:32:22', 'test88', 'Billing 4, test, azeaze, 67100, FR', 10.00, 'confirmed', '2023-11-23 10:32:02', 'Yaaas', 'AAAKg'),
	(65, '2023-11-23 12:15:53', 'test88', 'Billing 4, test, azeaze, 67100, FR', 20.00, 'confirmed', '2023-11-23 12:15:34', 'Yaaas', 'AAAKg'),
	(66, '2023-11-23 13:41:07', 'test88', 'Billing test, test, azeaze, 67100, FR', 10.00, 'confirmed', '2023-11-23 13:40:49', 'je suis', 'tu es'),
	(67, '2023-11-23 14:48:46', 'test66', 'Billing last, test, azeaze, 67100, FR', 60.00, 'confirmed', '2023-11-23 14:48:25', 'azea', 'eazza'),
	(68, '2023-11-23 15:32:59', 'test66', 'Billing recreat 2, test, azeaze, 67100, FR', 10.00, 'confirmed', '2023-11-23 15:32:17', 'ezaezaz', 'eaea'),
	(69, '2023-11-23 15:44:17', 'test66', 'Delivery 2, test, azeaze, 67100, FR', 10.00, 'confirmed', '2023-11-23 15:43:35', 'azezaeza', 'ezaeza'),
	(70, '2023-11-23 17:32:21', 'Kaz67', 'Delivery 5, test, azeaze, 67100, FR', 10.00, 'confirmed', '2023-11-23 17:31:55', 'Yaaas', 'AAAKg'),
	(71, '2023-11-24 02:43:18', 'Kazaze', 'Delivery haha, test, azeaze, 67100, AD', 10.00, 'confirmed', '2023-11-24 02:42:57', 'Final test', 'AAAKg'),
	(72, '2023-11-26 22:33:01', 'tes3', 'Delivery 100, Delivery city, Delivery province, 67100, FR', 10.00, 'confirmed', '2023-11-26 22:32:30', 'Yaaas', 'AAAKg'),
	(73, '2023-11-27 01:12:46', 'tes3', 'Delivery 100, Delivery city, Delivery province, 67100, FR', 10.00, 'confirmed', '2023-11-27 00:29:39', 'Yaaas', 'AAAKg'),
	(74, '2023-11-27 14:15:21', 'tes3', 'Delivery tes3, Delivery city, Delivery province, 67100, FR', 10.00, 'confirmed', '2023-11-27 14:14:52', 'Yaaas', 'AAAKg'),
	(75, '2023-11-27 17:36:06', 'tes3', 'Delivery tes3, Delivery city, Delivery province, 67100, FR', 10.00, 'confirmed', '2023-11-27 17:35:45', 'Yaaas', 'AAAKg'),
	(76, '2023-11-28 13:40:16', 'tes3', 'Billing LOLOL, test, azeaze, 67100, FR', 20.00, 'confirmed', '2023-11-28 13:39:51', 'Yaaas', 'AAAKg'),
	(77, '2023-11-28 13:50:44', 'tes3', 'Delivery tes3, Delivery city, Delivery province, 67100, FR', 60.00, 'confirmed', '2023-11-28 13:50:25', 'Yaaas', 'AAAKg'),
	(78, '2023-11-28 20:23:46', 'tes3', 'Delivery 400, Delivery city, Delivery province, 67100, FR', 11.00, 'confirmed', '2023-11-28 20:23:02', 'Yaaaszaazzaz', 'AAAKg'),
	(79, '2023-11-29 13:22:39', 'testslot', 'Delivery FINAL TEST, Delivery city, Delivery province, 67100, FR', 12.00, 'confirmed', '2023-11-29 13:22:11', 'Test', 'Final'),
	(80, '2023-11-29 14:19:59', 'testslot', 'Delivery FINAL TEST, Delivery city, Delivery province, 67100, FR', 12.00, 'confirmed', '2023-11-29 14:19:36', 'Yaaas', 'AAAKg'),
	(81, '2023-11-29 15:14:47', 'testslot', 'Delivery FINAL TEST, Delivery city, Delivery province, 67100, FR', 25.00, 'confirmed', '2023-11-29 15:14:27', 'Yaaas', 'AAAKg'),
	(82, '2023-11-29 15:20:22', 'testslot', 'Delivery FINAL TEST, Delivery city, Delivery province, 67100, FR', 25.00, 'confirmed', '2023-11-29 15:14:27', 'Yaaas', 'AAAKg'),
	(83, '2023-11-29 15:22:40', 'testslot', 'Delivery FINAL TEST, Delivery city, Delivery province, 67100, FR', 25.00, 'confirmed', '2023-11-29 15:14:27', 'Yaaas', 'AAAKg'),
	(84, '2023-11-29 15:26:23', 'testslot', 'Delivery FINAL TEST, Delivery city, Delivery province, 67100, FR', 39.00, 'confirmed', '2023-11-29 15:25:52', 'Yaaas', 'AAAKg'),
	(85, '2023-11-30 14:27:27', 'KazaeLol', 'Delivery LOL, test, azeaze, 67100, FR', 45.00, 'confirmed', '2023-11-30 14:24:19', 'Yasin', 'Akgedik'),
	(86, '2023-11-30 14:37:25', 'KazaeLol', 'Billing LOL, LOL, AHA, 67100, FR', 12.00, 'confirmed', '2023-11-30 14:37:06', 'Yaaas', 'AAAKg'),
	(87, '2023-12-03 00:53:10', 'Kaz6x', 'Billing Kaz, test, azeaze, 67100, FR', 24.00, 'confirmed', '2023-12-03 00:52:45', 'Yaaas', 'AAAKg'),
	(88, '2023-12-03 01:52:06', 'testULLLTIME', 'Delivery ULTIME lol, Delivery city, Delivery province, 67100, FR', 2.00, 'confirmed', '2023-12-03 01:51:45', 'Yaaas', 'AAAKg'),
	(89, '2023-12-03 04:31:21', 'LOLOL1', 'Billing test, test, azeaze, 67100, FR', 12.00, 'confirmed', '2023-12-03 04:31:01', 'Yaaas', 'AAAKg'),
	(90, '2023-12-03 06:25:53', 'lolollaa', 'Billing test, test, azeaze, 67100, FR', 14.00, 'confirmed', '2023-12-03 06:25:39', 'Yaaas', 'AAAKg'),
	(91, '2023-12-05 09:52:58', 'Kaz6767', 'Billing test, test, azeaze, 67100, FR', 5.00, 'confirmed', '2023-12-05 09:52:42', 'Yaaas', 'AAAKg'),
	(92, '2023-12-05 10:09:30', 'Kaz6767', 'Billing test, test, azeaze, 67100, FR', 12.00, 'confirmed', '2023-12-05 10:09:19', 'Yaaas', 'AAAKg'),
	(93, '2023-12-05 10:29:21', 'Kaz6767', 'Billing test, test, azeaze, 67100, FR', 1.00, 'confirmed', '2023-12-05 10:29:06', 'Yaaas', 'AAAKg'),
	(94, '2023-12-05 10:30:52', 'Kaz6767', 'Billing test, test, azeaze, 67100, FR', 48.71, 'confirmed', '2023-12-05 10:30:32', 'Yaaas', 'AAAKg'),
	(95, '2023-12-05 16:17:38', 'testlolollol', 'Billing test, test, azeaze, 67100, FR', 15.00, 'confirmed', '2023-12-05 16:17:20', 'Yaaas', 'AAAKg'),
	(96, '2023-12-06 12:07:06', 'Kirae', 'Billing test, test, azeaze, 67100, FR', 17.00, 'confirmed', '2023-12-06 12:06:55', 'Yaaas', 'AAAKg'),
	(97, '2023-12-06 17:40:35', 'Kirae', 'Billing test, test, azeaze, 67100, FR', 12.00, 'confirmed', '2023-12-06 17:40:27', 'Yaaas', 'AAAKg'),
	(98, '2023-12-06 18:11:26', 'Kirae', 'Billing test, test, azeaze, 67100, FR', 2.00, 'confirmed', '2023-12-06 18:11:14', 'Yaaas', 'AAAKg'),
	(99, '2023-12-06 18:36:05', 'NewUser', '23 Rue, Strasbourg, , 67100, FR', 108.00, 'confirmed', '2023-12-06 18:35:55', 'Kazay', 'Zaika'),
	(100, '2023-12-06 19:27:32', 'NewUser', 'Billing test, test, azeaze, 67100, FR', 412.00, 'confirmed', '2023-12-06 19:27:15', 'Yaaas', 'AAAKg'),
	(101, '2023-12-06 19:29:49', 'NewUser', 'Billing test, test, azeaze, 67100, FR', 100.00, 'confirmed', '2023-12-06 19:29:40', 'Yaaas', 'AAAKg'),
	(102, '2023-12-06 19:31:24', 'NewUser', 'Billing test, test, azeaze, 67100, FR', 50.00, 'confirmed', '2023-12-06 19:31:15', 'Yaaas', 'AAAKg'),
	(103, '2023-12-06 19:39:47', 'Kirae', 'Billing test, test, azeaze, 67100, FR', 10.00, 'confirmed', '2023-12-06 19:39:36', 'Yaaas', 'AAAKg'),
	(104, '2023-12-06 20:24:02', 'Kirae', 'Billing test, test, azeaze, 67100, FR', 6.00, 'confirmed', '2023-12-06 20:23:53', 'Kazay', 'Zaika'),
	(105, '2023-12-06 20:51:37', 'Kirae', 'Billing test, test, azeaze, 67100, FR', 2.00, 'confirmed', '2023-12-06 20:51:26', 'Yaaas', 'AAAKg'),
	(106, '2023-12-06 20:52:34', 'Kirae', 'Billing test, test, azeaze, 67100, FR', 4.00, 'confirmed', '2023-12-06 20:52:24', 'Yaaas', 'AAAKg'),
	(107, '2023-12-07 01:41:57', 'TestDelete55', 'Billing test, test, azeaze, 67100, FR', 10.00, 'confirmed', '2023-12-07 01:41:45', 'Yaaas', 'AAAKg'),
	(108, '2023-12-07 02:40:38', 'Roi2', 'Billing test, test, azeaze, 67100, FR', 300.00, 'confirmed', '2023-12-07 02:40:27', 'Yaaas', 'AAAKg'),
	(109, '2023-12-07 02:43:56', 'Kirae', 'Billing test, test, azeaze, 67100, FR', 2.00, 'confirmed', '2023-12-07 02:43:47', 'Yaaas', 'AAAKg'),
	(110, '2023-12-07 02:46:43', 'Roi3', 'Billing test, test, azeaze, 67100, FR', 500.00, 'confirmed', '2023-12-07 02:46:31', 'Yaaas', 'AAAKg'),
	(111, '2023-12-07 02:54:41', 'roi4', 'Billing test, test, azeaze, 67100, FR', 12.00, 'confirmed', '2023-12-07 02:54:33', 'Yaaas', 'AAAKg'),
	(112, '2023-12-07 03:17:15', 'roi5', 'Billing test, test, azeaze, 67100, FR', 15.00, 'confirmed', '2023-12-07 03:17:02', 'Yaaas', 'AAAKg'),
	(113, '2023-12-07 03:24:27', 'reine2', 'Billing test, test, azeaze, 67100, FR', 10.00, 'confirmed', '2023-12-07 03:24:19', 'Yaaas', 'AAAKg'),
	(114, '2023-12-07 03:26:25', 'reine1', 'Billing test, test, azeaze, 67100, FR', 50.00, 'confirmed', '2023-12-07 03:26:16', 'Yaaas', 'AAAKg'),
	(115, '2023-12-07 03:29:14', 'reine3', 'Billing test, test, azeaze, 67100, FR', 50.00, 'confirmed', '2023-12-07 03:29:04', 'Yaaas', 'AAAKg'),
	(116, '2023-12-07 03:32:24', 'Reine6', 'Billing test, test, azeaze, 67100, FR', 10.00, 'confirmed', '2023-12-07 03:32:15', 'Yaaas', 'AAAKg'),
	(117, '2023-12-07 03:38:16', 'Prince1', 'Billing test, test, azeaze, 67100, FR', 10.00, 'confirmed', '2023-12-07 03:38:07', 'Yaaas', 'AAAKg'),
	(118, '2023-12-07 03:39:24', 'Prince2', 'Billing test, test, azeaze, 67100, FR', 10.00, 'confirmed', '2023-12-07 03:39:15', 'Yaaas', 'AAAKg'),
	(119, '2023-12-07 18:53:27', 'Prince1', 'Billing PRINCE, test, azeaze, 67100, FR', 10.00, 'confirmed', '2023-12-07 18:53:13', 'LOLED', 'AAAKg'),
	(120, '2023-12-09 16:28:40', 'testvente', 'Billing test, test, azeaze, 67100, FR', 11.00, 'confirmed', '2023-12-09 16:28:30', 'Yaaas', 'AAAKg'),
	(121, '2023-12-09 16:30:10', 'testachat1', 'Billing test, test, azeaze, 67100, FR', 10.00, 'confirmed', '2023-12-09 16:30:00', 'Yaaas', 'AAAKg'),
	(122, '2023-12-09 16:42:41', 'testvente2', 'Billing test, test, azeaze, 67100, FR', 11.00, 'confirmed', '2023-12-09 16:42:31', 'Yaaas', 'AAAKg'),
	(123, '2023-12-09 16:44:09', 'testachat2', 'Billing ACHAT, test, azeaze, 67100, FR', 10.00, 'confirmed', '2023-12-09 16:43:57', 'Yaaas', 'AAAKg'),
	(124, '2023-12-09 22:22:25', 'testachat2', 'Billing test, test, azeaze, 67100, FR', 10.00, 'confirmed', '2023-12-09 22:22:14', 'Yaaas', 'AAAKg'),
	(125, '2023-12-09 22:47:19', 'testachat2', 'Billing test, test, azeaze, 67100, FR', 93.00, 'confirmed', '2023-12-09 22:47:10', 'Yaaas', 'AAAKg'),
	(126, '2023-12-11 05:09:27', 'NewUser', 'Billing test, test, azeaze, 67100, FR', 10.00, 'confirmed', '2023-12-11 05:09:15', 'Yaaas', 'AAAKg'),
	(127, '2023-12-11 06:00:13', 'Anon27', 'Billing test, test, azeaze, 67100, FR', 10.00, 'confirmed', '2023-12-11 06:00:04', 'Yaaas', 'AAAKg'),
	(128, '2023-12-12 04:51:37', 'Custommer100', 'testaze, testaze, azeazeaze, 68200, FR', 10.00, 'confirmed', '2023-12-12 04:51:24', 'Yaaas', 'AAAKg'),
	(129, '2023-12-12 05:05:12', 'Custommer100', 'Billing test, test, azeaze, 67100, FR', 11.00, 'confirmed', '2023-12-12 05:05:01', 'Yaaas', 'AAAKg'),
	(130, '2023-12-12 06:19:52', 'Custommer100', 'Test Delivery, Delivery, DELIVERY, 67100, FR', 44.00, 'confirmed', '2023-12-12 06:19:39', 'test delivery wesh', 'ok maggle'),
	(131, '2023-12-12 06:21:33', 'Custommer100', 'test billing maggle, azezaez, ezaeaze, 67100, FR', 11.00, 'confirmed', '2023-12-12 06:21:24', 'Yaaas', 'AAAKg'),
	(132, '2023-12-12 06:23:17', 'Custommer100', 'test delivery maggle, test delivery, blabla, 67100, FR', 11.00, 'confirmed', '2023-12-12 06:22:59', 'Yaaas', 'AAAKg'),
	(133, '2023-12-12 06:25:50', 'Custommer100', 'delivery 1, ezaezaeza, eazeazea, 67100, FR', 11.00, 'confirmed', '2023-12-12 06:25:40', 'confirme', 'azezaea'),
	(134, '2023-12-12 06:30:22', 'Custommer100', 'delivery88, azeazea, ezaeza, 67100, FR', 11.00, 'confirmed', '2023-12-12 06:30:12', 'Yaaas', 'AAAKg'),
	(135, '2023-12-12 06:36:50', 'AdminPro', 'Delivery test, testaze, azeazeaze, 68200, FR', 22.00, 'confirmed', '2023-12-12 06:36:40', 'Yaaas', 'AAAKg'),
	(136, '2023-12-12 06:38:46', 'AdminPro', 'Billing, testaze, azeazeaze, 68200, FR', 11.00, 'confirmed', '2023-12-12 06:38:35', 'billing pro', 'azeaea'),
	(137, '2023-12-12 07:34:17', 'AdminPro', 'delivery adress test, azopekzaoe, zeaokeozake, 67100, FR', 44.00, 'confirmed', '2023-12-12 07:34:05', 'Yasin', 'Akgedik lol'),
	(138, '2023-12-12 07:35:37', 'AdminPro', 'Billing test PROOOOO, oazkeoakez PRO, azoekza PRO, 67200, FR', 11.00, 'confirmed', '2023-12-12 07:35:28', 'Yaaas', 'AAAKg'),
	(139, '2023-12-15 00:47:27', 'Fasen1', 'Fasen BILLING, test, azeaze, 67100, FR', 11.00, 'confirmed', '2023-12-15 00:47:04', 'Fatou', 'Toufa'),
	(140, '2023-12-16 18:40:13', 'Kirae', 'Billing test TEEEEEST, test, azeaze, 67100, FR', 5000.99, 'confirmed', '2023-12-16 18:39:55', 'MT', 'UNL'),
	(141, '2023-12-17 18:01:26', 'AdminPro2', 'Billing test, test, azeaze, 67100, FR', 5000.99, 'confirmed', '2023-12-17 18:01:14', 'Yaaas', 'AAAKg'),
	(142, '2023-12-17 18:05:09', 'AdminPro3', 'Billing test, test, azeaze, 67100, FR', 50.00, 'confirmed', '2023-12-17 18:05:00', 'Yaaas', 'AAAKg'),
	(143, '2023-12-17 18:53:30', 'TestReview', 'testaze, testaze, azeazeaze, 68200, FR', 100.00, 'confirmed', '2023-12-17 18:53:21', 'Yaaas', 'AAAKg'),
	(144, '2023-12-17 18:54:37', 'AdminPro2', 'Billing test, test, azeaze, 67100, FR', 50.00, 'confirmed', '2023-12-17 18:54:27', 'Yaaas', 'AAAKg'),
	(145, '2023-12-18 02:34:34', 'adminpro7', 'Billing test, test, azeaze, 67100, FR', 989898.99, 'confirmed', '2023-12-18 02:34:19', 'Yaaas', 'AAAKg'),
	(146, '2023-12-18 04:07:20', 'nouveauUser', 'Billing test, test, azeaze, 67100, FR', 100.00, 'confirmed', '2023-12-18 04:07:11', 'Yasin', 'Akgedik lol'),
	(147, '2023-12-22 14:33:44', 'Maman', 'Billing 4, test, azeaze, 67100, FR', 10.00, 'confirmed', '2023-12-22 14:33:32', 'Yaaas', 'AAAKg'),
	(148, '2023-12-30 16:21:52', 'Tiffany67', 'Billing test AZOEKZAOEK, test, azeaze, 67100, FR', 10001.98, 'confirmed', '2023-12-30 16:21:27', 'Tiff', 'Lameilleureee'),
	(149, '2024-01-02 23:51:32', 'TestFinal6767', 'Billing test, test, azeaze, 67100, FR', 15.00, 'confirmed', '2024-01-02 23:51:19', 'Yaaas', 'AAAKg'),
	(150, '2024-01-02 23:52:50', 'testfinal676767', 'Billing test, test, azeaze, 67100, FR', 15.00, 'confirmed', '2024-01-02 23:52:39', 'Yaaas', 'AAAKg'),
	(151, '2024-01-08 00:17:25', 'Tiffany67', 'Billing test FINALLLOO, test, azeaze, 67100, FR', 5080.99, 'confirmed', '2024-01-08 00:17:14', 'Test', 'Tiffany'),
	(152, '2024-01-08 00:30:27', 'Tiffany67', 'Billing test FINALLLOO, test, azeaze, 67100, FR', 50.00, 'confirmed', '2024-01-08 00:25:57', 'Yasin', 'Akgedik lol'),
	(153, '2024-01-08 00:44:42', 'Exam', '23 Rue des Canonniers, Strasbourg, , 67100, FR', 135.00, 'confirmed', '2024-01-08 00:44:20', 'Exam', 'Test'),
	(154, '2024-01-08 00:49:39', 'Exam', '23 Rue des Canonniers, Strasbourg, , 67100, FR', 15.00, 'confirmed', '2024-01-08 00:47:05', 'Kazay', 'Zaika'),
	(155, '2024-01-08 00:51:04', 'Tiffany67', 'Delivery 10, Delivery city, Delivery province, 67100, FR', 8.99, 'confirmed', '2024-01-08 00:50:55', 'Final', 'Test'),
	(156, '2024-01-08 17:54:09', 'testlocal', '23 Rue des Canonniers, Strasbourg, , 67100, FR', 9.99, 'confirmed', '2024-01-08 17:53:55', 'Kazay', 'Zaika'),
	(157, '2024-01-08 20:56:09', 'testlocal', '23 Rue des Canonniers, Strasbourg, , 67100, FR', 109.99, 'confirmed', '2024-01-08 20:51:58', 'Yaaas', 'AAAKg'),
	(158, '2024-01-08 20:56:45', 'testlocal', '23 Rue des Canonniers, Strasbourg, , 67100, FR', 50.00, 'confirmed', '2024-01-08 20:56:31', 'Yaaas', 'AAAKg'),
	(159, '2024-01-08 22:23:25', 'Tiffany67', 'Delivery 10, Delivery city, Delivery province, 67100, FR', 540.00, 'confirmed', '2024-01-08 22:23:13', 'Yasin', 'Akgedik lol'),
	(160, '2024-01-11 17:55:16', 'Exam', '23 Rue des Canonniers, Strasbourg, , 67100, FR', 30.00, 'confirmed', '2024-01-11 17:55:04', 'Yaaas', 'AAAKg'),
	(161, '2024-01-11 18:11:29', 'Exam2', '23 Rue des Canonniers, Strasbourg, , 67100, FR', 9.99, 'confirmed', '2024-01-11 18:09:33', 'Kazay', 'Zaika');

-- Listage de la structure de table projet. archived_order_detail
CREATE TABLE IF NOT EXISTS `archived_order_detail` (
  `id` int NOT NULL AUTO_INCREMENT,
  `archived_order_id` int NOT NULL,
  `product_name` varchar(255) CHARACTER SET utf8mb4 COLLATE utf8mb4_unicode_ci NOT NULL,
  `price` decimal(10,2) NOT NULL,
  `quantity` int NOT NULL,
  PRIMARY KEY (`id`),
  KEY `IDX_4271C0587765132B` (`archived_order_id`),
  CONSTRAINT `FK_4271C0587765132B` FOREIGN KEY (`archived_order_id`) REFERENCES `archived_order` (`id`)
) ENGINE=InnoDB AUTO_INCREMENT=212 DEFAULT CHARSET=utf8mb4 COLLATE=utf8mb4_unicode_ci;

-- Listage des données de la table projet.archived_order_detail : ~211 rows (environ)
INSERT INTO `archived_order_detail` (`id`, `archived_order_id`, `product_name`, `price`, `quantity`) VALUES
	(1, 1, 'name product', 10.00, 2),
	(2, 1, 'lol', 30.00, 1),
	(3, 2, 'name product', 10.00, 2),
	(4, 3, 'name product', 10.00, 3),
	(5, 3, 'Produit de test', 299.99, 1),
	(6, 4, 'name product', 10.00, 1),
	(7, 5, 'name product', 10.00, 1),
	(8, 6, 'name product', 10.00, 1),
	(9, 7, 'name product', 10.00, 1),
	(10, 8, 'name product', 10.00, 1),
	(11, 9, 'name product', 10.00, 1),
	(12, 10, 'name product', 10.00, 1),
	(13, 11, 'name product', 10.00, 1),
	(14, 12, 'name product', 10.00, 1),
	(15, 13, 'name product', 10.00, 1),
	(16, 14, 'name product', 10.00, 1),
	(17, 15, 'name product', 10.00, 1),
	(18, 16, 'name product', 10.00, 1),
	(19, 17, 'name product', 10.00, 1),
	(20, 18, 'name product', 10.00, 1),
	(21, 19, 'name product', 10.00, 1),
	(22, 20, 'name product', 10.00, 1),
	(23, 21, 'name product', 10.00, 1),
	(24, 22, 'name product', 10.00, 2),
	(25, 23, 'name product', 10.00, 1),
	(26, 24, 'name product', 10.00, 1),
	(27, 25, 'name product', 10.00, 2),
	(28, 26, 'name product', 10.00, 1),
	(29, 27, 'name product', 10.00, 1),
	(30, 28, 'name product', 10.00, 2),
	(31, 29, 'name product', 10.00, 2),
	(32, 30, 'name product', 10.00, 1),
	(33, 31, 'name product', 10.00, 1),
	(34, 32, 'name product', 10.00, 3),
	(35, 33, 'name product', 10.00, 2),
	(36, 34, 'name product', 10.00, 2),
	(37, 34, 'lol', 30.00, 1),
	(38, 34, 'am', 20.00, 1),
	(39, 35, 'name product', 10.00, 2),
	(40, 36, 'name product', 10.00, 1),
	(41, 37, 'name product', 10.00, 1),
	(42, 38, 'name product', 10.00, 1),
	(43, 39, 'name product', 10.00, 1),
	(44, 40, 'name product', 10.00, 1),
	(45, 41, 'name product', 10.00, 2),
	(46, 42, 'name product', 10.00, 2),
	(47, 43, 'name product', 10.00, 1),
	(48, 44, 'name product', 10.00, 1),
	(49, 45, 'name product', 10.00, 1),
	(50, 46, 'name product', 10.00, 1),
	(51, 47, 'name product', 10.00, 1),
	(52, 48, 'name product', 10.00, 1),
	(53, 49, 'name product', 10.00, 1),
	(54, 50, 'name product', 10.00, 1),
	(55, 51, 'name product', 10.00, 1),
	(56, 52, 'name product', 10.00, 1),
	(57, 53, 'name product', 10.00, 1),
	(58, 54, 'name product', 10.00, 2),
	(59, 54, 'lol', 30.00, 1),
	(60, 54, 'ce produit est à moi', 99.99, 3),
	(61, 55, 'am', 20.00, 3),
	(62, 56, 'name product', 10.00, 2),
	(63, 57, 'name product', 10.00, 1),
	(64, 58, 'name product', 10.00, 1),
	(65, 59, 'name product', 10.00, 1),
	(66, 60, 'name product', 10.00, 1),
	(67, 61, 'name product', 10.00, 1),
	(68, 62, 'name product', 10.00, 1),
	(69, 63, 'name product', 10.00, 1),
	(70, 64, 'name product', 10.00, 1),
	(71, 65, 'name product', 10.00, 2),
	(72, 66, 'name product', 10.00, 1),
	(73, 67, 'name product', 10.00, 6),
	(74, 68, 'name product', 10.00, 1),
	(75, 69, 'name product', 10.00, 1),
	(76, 70, 'name product', 10.00, 1),
	(77, 71, 'name product', 10.00, 1),
	(78, 72, 'name product', 10.00, 1),
	(79, 73, 'name product', 10.00, 1),
	(80, 74, 'name product', 10.00, 1),
	(81, 75, 'name product', 10.00, 1),
	(82, 76, 'name product', 10.00, 2),
	(83, 77, 'lol', 30.00, 2),
	(84, 78, 'teste', 1.00, 1),
	(85, 78, 'name product', 10.00, 1),
	(86, 79, '1er produit', 12.00, 1),
	(87, 80, '1er produit', 12.00, 1),
	(88, 81, '1er produit', 12.00, 2),
	(89, 81, '2 eme produit', 1.00, 1),
	(90, 82, '1er produit', 12.00, 2),
	(91, 82, '2 eme produit', 1.00, 1),
	(92, 83, '1er produit', 12.00, 2),
	(93, 83, '2 eme produit', 1.00, 1),
	(94, 84, '1er produit', 12.00, 3),
	(95, 84, '2 eme produit', 1.00, 2),
	(96, 84, '3eme produit', 1.00, 1),
	(97, 85, '1er produit', 12.00, 3),
	(98, 85, '2 eme produit', 1.00, 3),
	(99, 85, '3eme produit', 1.00, 3),
	(100, 85, '4eme produit', 1.00, 3),
	(101, 86, '1er produit', 12.00, 1),
	(102, 87, '1er produit', 12.00, 2),
	(103, 88, '2 eme produit', 1.00, 1),
	(104, 88, '5eme produit', 1.00, 1),
	(105, 89, '1er produit', 12.00, 1),
	(106, 90, '2 eme produit', 1.00, 2),
	(107, 90, '1er produit', 12.00, 1),
	(108, 91, '3eme produit', 1.00, 4),
	(109, 91, '2 eme produit', 1.00, 1),
	(110, 92, '1er produit', 12.00, 1),
	(111, 93, '2 eme produit', 1.00, 1),
	(112, 94, '1er produit', 12.00, 1),
	(113, 94, '2 eme produit', 1.00, 1),
	(114, 94, '3eme produit', 1.00, 1),
	(115, 94, '4eme produit', 1.00, 1),
	(116, 94, '5eme produit', 1.00, 1),
	(117, 94, 'produit 1', 2.00, 1),
	(118, 94, 'produit 2', 1.00, 1),
	(119, 94, 'produit 3', 1.00, 1),
	(120, 94, 'produit 4', 1.00, 1),
	(121, 94, 'Produit kaz 1', 1.00, 1),
	(122, 94, 'Produit Kaz 2', 0.95, 1),
	(123, 94, 'Produit Kaz 3', 25.76, 1),
	(124, 95, '1er produit', 12.00, 1),
	(125, 95, '2 eme produit', 1.00, 1),
	(126, 95, 'produit 2', 1.00, 1),
	(127, 95, 'produit 3', 1.00, 1),
	(128, 96, 'tatata', 1.00, 1),
	(129, 96, 'eazeza eza zae ae', 1.00, 1),
	(130, 96, 'zaezae zaea ezae ae a tra', 1.00, 1),
	(131, 96, 'eza eza zae zae aze za', 1.00, 1),
	(132, 96, 'azeaze zae aeae a', 12.00, 1),
	(133, 96, 'aezaeazezae aeza ea', 1.00, 1),
	(134, 97, 'httpsezaezaezaae', 1.00, 1),
	(135, 97, 'eazeza eza aea eaz', 11.00, 1),
	(136, 98, 'ezaeza eza zaea zaeza', 2.00, 1),
	(137, 99, 'kirae is product haha', 98.00, 1),
	(138, 99, 'httpsezaezae', 10.00, 1),
	(139, 100, 'httpsezaezae', 10.00, 2),
	(140, 100, 'kirae is product haha', 98.00, 4),
	(141, 101, 'test pour vendre', 50.00, 2),
	(142, 102, 'test pour vendre', 50.00, 1),
	(143, 103, 'produit 4', 5.00, 2),
	(144, 104, 'Acheter ce produit direct', 2.00, 3),
	(145, 105, 'Acheter ce produit direct', 2.00, 1),
	(146, 106, 'Acheter ce produit direct', 2.00, 2),
	(147, 107, 'acheter ce produitzzz', 10.00, 1),
	(148, 108, 'test pour vendre', 50.00, 6),
	(149, 109, 'Acheter ce produit direct', 2.00, 1),
	(150, 110, 'produit du roi', 500.00, 1),
	(151, 111, 'produit du roi3', 12.00, 1),
	(152, 112, 'Produit du roi 4', 15.00, 1),
	(153, 113, 'Produit reine 1', 10.00, 1),
	(154, 114, 'produit reine 2', 50.00, 1),
	(155, 115, 'produit reine 2', 50.00, 1),
	(156, 116, 'reine 5', 10.00, 1),
	(157, 117, 'reine 5', 10.00, 1),
	(158, 118, 'Produit prince 1', 10.00, 1),
	(159, 119, 'reine 5', 10.00, 1),
	(160, 120, 'produit artisan wee', 11.00, 1),
	(161, 121, 'test de produit a vendreeee', 10.00, 1),
	(162, 122, 'produit artisan wee', 11.00, 1),
	(163, 123, 'produit de testvente2', 10.00, 1),
	(164, 124, 'azeazeazeaz eaz', 10.00, 1),
	(165, 125, 'produit artisan wee', 11.00, 3),
	(166, 125, 'produit reine 2', 50.00, 1),
	(167, 125, 'Produit reine 1', 10.00, 1),
	(168, 125, 'Deleted5133', 0.00, 1),
	(169, 126, 'Test de produit 55', 10.00, 1),
	(170, 127, 'Peinture perso', 10.00, 1),
	(171, 128, 'eza ezae a ezaea', 10.00, 1),
	(172, 129, 'produit artisan wee', 11.00, 1),
	(173, 130, 'produit artisan wee', 11.00, 4),
	(174, 131, 'produit artisan wee', 11.00, 1),
	(175, 132, 'produit artisan wee', 11.00, 1),
	(176, 133, 'produit artisan wee', 11.00, 1),
	(177, 134, 'produit artisan wee', 11.00, 1),
	(178, 135, 'produit artisan wee', 11.00, 2),
	(179, 136, 'produit artisan wee', 11.00, 1),
	(180, 137, 'produit artisan wee', 11.00, 4),
	(181, 138, 'produit artisan wee', 11.00, 1),
	(182, 139, 'produit artisan wee', 11.00, 1),
	(183, 140, 'Produit fait par ma darone', 5000.99, 1),
	(184, 141, 'Produit fait par ma darone', 5000.99, 1),
	(185, 142, 'a acccccheter', 50.00, 1),
	(186, 143, 'ezaeza zaez a', 50.00, 1),
	(187, 143, 'a acccccheter', 50.00, 1),
	(188, 144, 'ezae zaea zaea', 50.00, 1),
	(189, 145, 'azeaez ezae a', 989898.99, 1),
	(190, 146, 'Bravo bravo', 50.00, 1),
	(191, 146, 'ezae zaea zae a ea', 50.00, 1),
	(192, 147, 'eaz ea ezae za e', 10.00, 1),
	(193, 148, 'Produit fait par ma darone', 5000.99, 2),
	(194, 149, 'Panier fait maison', 15.00, 1),
	(195, 150, 'Panier fait maison', 15.00, 1),
	(196, 151, 'azezaea eae aea zae', 10.00, 2),
	(197, 151, 'Bravo bravo', 50.00, 1),
	(198, 151, 'Poterie', 10.00, 1),
	(199, 151, 'Lampadaires', 5000.99, 1),
	(200, 152, 'ezaeza zaez a', 50.00, 1),
	(201, 153, 'Panier fait maison', 15.00, 1),
	(202, 153, 'Sac en cuir', 120.00, 1),
	(203, 154, 'Panier fait maison', 15.00, 1),
	(204, 155, 'Divers Bracelets', 8.99, 1),
	(205, 156, 'Bougies parfumees', 9.99, 1),
	(206, 157, 'Bougies parfumees', 9.99, 1),
	(207, 157, 'Montre en Cuir', 50.00, 2),
	(208, 158, 'Montre en Cuir', 50.00, 1),
	(209, 159, 'Peinture aquarelle/huile', 540.00, 1),
	(210, 160, 'Poteries a vendre', 30.00, 1),
	(211, 161, 'Bougies parfumees', 9.99, 1);

-- Listage de la structure de table projet. category
CREATE TABLE IF NOT EXISTS `category` (
  `id` int NOT NULL AUTO_INCREMENT,
  `name` varchar(255) CHARACTER SET utf8mb4 COLLATE utf8mb4_unicode_ci NOT NULL,
  `description` longtext CHARACTER SET utf8mb4 COLLATE utf8mb4_unicode_ci,
  `created_at` datetime NOT NULL COMMENT '(DC2Type:datetime_immutable)',
  `updated_at` datetime NOT NULL COMMENT '(DC2Type:datetime_immutable)',
  PRIMARY KEY (`id`)
) ENGINE=InnoDB AUTO_INCREMENT=15 DEFAULT CHARSET=utf8mb4 COLLATE=utf8mb4_unicode_ci;

-- Listage des données de la table projet.category : ~14 rows (environ)
INSERT INTO `category` (`id`, `name`, `description`, `created_at`, `updated_at`) VALUES
	(1, 'testDescription', 'description details', '2023-10-26 19:52:56', '2023-10-26 19:52:56'),
	(2, 'les poubelles', 'NULL', '2023-12-06 10:14:00', '2023-12-06 10:14:01'),
	(3, 'Les casseroles', 'Ceci est une catégorie pour les casseroles', '2023-12-09 22:24:47', '2023-12-09 22:24:48'),
	(4, 'Artisanat d\'art', ' pour des œuvres uniques comme la sculpture, la peinture, la céramique.', '2023-12-15 14:46:01', '2023-12-15 14:46:01'),
	(5, 'Bijoux artisanaux ', 'des créations originales en métal, perles, pierres précieuses.', '2023-12-15 14:46:14', '2023-12-15 14:46:14'),
	(6, 'Mode et accessoires ', 'vêtements, sacs, chapeaux, écharpes faits à la main.', '2023-12-15 14:46:36', '2023-12-15 14:46:37'),
	(7, 'Produits de beauté naturels ', 'savons, crèmes, huiles essentielles fabriqués artisanalement.', '2023-12-15 14:47:20', '2023-12-15 14:47:21'),
	(8, 'Gastronomie artisanale', ' confitures, chocolats, biscuits, miels locaux.', '2023-12-15 14:47:43', '2023-12-15 14:47:43'),
	(9, 'Décoration maison', 'articles de décoration comme les coussins, les tapis, les luminaires.', '2023-12-15 14:47:53', '2023-12-15 14:47:53'),
	(10, 'Produits écoresponsables', 'articles fabriqués avec des matériaux recyclés ou durables.', '2023-12-15 14:48:15', '2023-12-15 14:48:16'),
	(11, 'Jouets et jeux artisanaux', ' jouets en bois, jeux de société traditionnels.', '2023-12-15 14:48:29', '2023-12-15 14:48:31'),
	(12, 'Papeterie et fournitures', 'carnets, cartes, articles de bureau faits à la main.', '2023-12-15 14:48:48', '2023-12-15 14:48:48'),
	(13, 'Objets d\'art traditionnel ', ' produits reflétant le patrimoine culturel et les techniques traditionnelles de la région.', '2023-12-15 14:49:01', '2023-12-15 14:49:01'),
	(14, 'Musique et instruments', ': instruments de musique faits à la main, accessoires musicaux.', '2023-12-15 14:49:34', '2023-12-15 14:49:34');

-- Listage de la structure de table projet. doctrine_migration_versions
CREATE TABLE IF NOT EXISTS `doctrine_migration_versions` (
  `version` varchar(191) CHARACTER SET utf8mb3 COLLATE utf8mb3_unicode_ci NOT NULL,
  `executed_at` datetime DEFAULT NULL,
  `execution_time` int DEFAULT NULL,
  PRIMARY KEY (`version`)
) ENGINE=InnoDB DEFAULT CHARSET=utf8mb3 COLLATE=utf8mb3_unicode_ci;

-- Listage des données de la table projet.doctrine_migration_versions : ~27 rows (environ)
INSERT INTO `doctrine_migration_versions` (`version`, `executed_at`, `execution_time`) VALUES
	('DoctrineMigrations\\Version20231019031655', '2023-10-19 05:17:08', 62),
	('DoctrineMigrations\\Version20231019044001', '2023-10-19 06:40:11', 87),
	('DoctrineMigrations\\Version20231105160036', '2023-11-05 17:00:47', 69),
	('DoctrineMigrations\\Version20231105225723', '2023-11-06 00:11:20', 50),
	('DoctrineMigrations\\Version20231107105329', '2023-11-07 11:53:43', 227),
	('DoctrineMigrations\\Version20231107120531', '2023-11-07 13:05:40', 33),
	('DoctrineMigrations\\Version20231107132912', '2023-11-07 14:29:19', 54),
	('DoctrineMigrations\\Version20231114222413', '2023-11-14 23:24:44', 202),
	('DoctrineMigrations\\Version20231114222758', '2023-11-14 23:28:10', 42),
	('DoctrineMigrations\\Version20231116173926', '2023-11-16 18:39:38', 121),
	('DoctrineMigrations\\Version20231116183725', '2023-11-16 19:37:36', 23),
	('DoctrineMigrations\\Version20231116193002', '2023-11-16 20:30:19', 16),
	('DoctrineMigrations\\Version20231118185151', '2023-11-18 19:52:02', 59),
	('DoctrineMigrations\\Version20231118190801', '2023-11-18 20:09:30', 16),
	('DoctrineMigrations\\Version20231119173029', '2023-11-19 18:30:34', 202),
	('DoctrineMigrations\\Version20231120220015', '2023-11-20 23:09:12', 173),
	('DoctrineMigrations\\Version20231123123136', '2023-11-23 13:38:27', 44),
	('DoctrineMigrations\\Version20231128183016', '2023-11-28 19:30:30', 38),
	('DoctrineMigrations\\Version20231128192036', '2023-11-28 20:20:43', 24),
	('DoctrineMigrations\\Version20231129085639', '2023-11-29 09:56:45', 58),
	('DoctrineMigrations\\Version20231129121855', '2023-11-29 13:19:03', 35),
	('DoctrineMigrations\\Version20231203020938', '2023-12-03 03:09:47', 76),
	('DoctrineMigrations\\Version20231203025125', '2023-12-03 03:51:30', 39),
	('DoctrineMigrations\\Version20231206172435', '2023-12-06 18:24:44', 86),
	('DoctrineMigrations\\Version20231206175501', '2023-12-06 18:55:07', 54),
	('DoctrineMigrations\\Version20231206191324', '2023-12-06 20:13:36', 104),
	('DoctrineMigrations\\Version20231207003704', '2023-12-07 01:37:09', 35);

-- Listage de la structure de table projet. order
CREATE TABLE IF NOT EXISTS `order` (
  `id` int NOT NULL AUTO_INCREMENT,
  `user_id` int NOT NULL,
  `total_price` decimal(10,2) NOT NULL,
  `status` varchar(255) CHARACTER SET utf8mb4 COLLATE utf8mb4_unicode_ci NOT NULL,
  `created_at` datetime NOT NULL COMMENT '(DC2Type:datetime_immutable)',
  `updated_at` datetime NOT NULL COMMENT '(DC2Type:datetime_immutable)',
  `tracking_token` varchar(64) COLLATE utf8mb4_unicode_ci NOT NULL,
  `address_id` int DEFAULT NULL,
  `first_name` varchar(255) COLLATE utf8mb4_unicode_ci DEFAULT NULL,
  `last_name` varchar(255) COLLATE utf8mb4_unicode_ci DEFAULT NULL,
  PRIMARY KEY (`id`),
  UNIQUE KEY `UNIQ_F5299398B46BB896` (`tracking_token`),
  KEY `IDX_F5299398A76ED395` (`user_id`),
  KEY `IDX_F5299398F5B7AF75` (`address_id`),
  CONSTRAINT `FK_F5299398A76ED395` FOREIGN KEY (`user_id`) REFERENCES `user` (`id`),
  CONSTRAINT `FK_F5299398F5B7AF75` FOREIGN KEY (`address_id`) REFERENCES `adress` (`id`)
) ENGINE=InnoDB AUTO_INCREMENT=373 DEFAULT CHARSET=utf8mb4 COLLATE=utf8mb4_unicode_ci;

-- Listage des données de la table projet.order : ~168 rows (environ)
INSERT INTO `order` (`id`, `user_id`, `total_price`, `status`, `created_at`, `updated_at`, `tracking_token`, `address_id`, `first_name`, `last_name`) VALUES
	(205, 79, 10.00, 'confirmed', '2023-11-20 23:10:27', '2023-11-23 17:33:32', 'aa63b38bfee26570', NULL, 'Yaaas', 'AAAKg'),
	(206, 79, 10.00, 'pending', '2023-11-20 23:13:04', '2023-11-20 23:13:04', '11b1ba1e56ed5e37', 108, 'Yaaas', 'AAAKg'),
	(207, 79, 10.00, 'confirmed', '2023-11-20 23:13:44', '2023-11-20 23:14:07', 'aceef83658429f4e', 109, 'Yaaas', 'AAAKg'),
	(208, 79, 10.00, 'pending', '2023-11-20 23:38:55', '2023-11-20 23:38:55', 'fdebab2b80d5709d', 110, 'Yaaas', 'AAAKg'),
	(209, 79, 10.00, 'confirmed', '2023-11-20 23:46:56', '2023-11-20 23:47:22', 'b9373bcbde3be3eb', 111, 'Yaaas', 'AAAKg'),
	(210, 79, 10.00, 'pending', '2023-11-21 00:02:36', '2023-11-21 00:02:36', '6eed21d2df0b5834', 112, 'Yaaas', 'AAAKg'),
	(211, 79, 10.00, 'pending', '2023-11-21 00:03:01', '2023-11-21 00:03:01', '6adc9e926c610039', 113, 'Yaaas', 'AAAKg'),
	(212, 79, 10.00, 'pending', '2023-11-21 00:05:14', '2023-11-21 00:05:14', '721a687b6bdd6115', 114, 'Yaaas', 'AAAKg'),
	(213, 79, 10.00, 'pending', '2023-11-21 00:05:32', '2023-11-21 00:05:32', 'c63a3730d6a1d408', 115, 'Yaaas', 'AAAKg'),
	(214, 79, 10.00, 'pending', '2023-11-21 00:06:01', '2023-11-21 00:06:01', '1659854ca90c60cf', 116, 'Yaaas', 'AAAKg'),
	(215, 79, 10.00, 'pending', '2023-11-21 09:47:21', '2023-11-21 09:47:21', '0729491d5f683982', NULL, NULL, NULL),
	(216, 80, 10.00, 'pending', '2023-11-21 09:51:45', '2023-11-23 23:24:02', 'cb2b3658819da2c1', NULL, 'Anonymized', 'Anonymized'),
	(217, 80, 20.00, 'pending', '2023-11-21 10:48:01', '2023-11-23 23:24:02', '2a1db5d79f848972', 117, 'Anonymized', 'Anonymized'),
	(218, 80, 20.00, 'pending', '2023-11-21 10:56:20', '2023-11-23 23:24:02', 'e4da4de831a2bcea', 117, 'Anonymized', 'Anonymized'),
	(219, 80, 20.00, 'confirmed', '2023-11-21 10:56:46', '2023-11-23 23:24:02', '61756dae39a5f8b5', 118, 'Anonymized', 'Anonymized'),
	(220, 80, 20.00, 'confirmed', '2023-11-21 11:51:31', '2023-11-23 23:24:02', 'dd99e3abde755859', 118, 'Anonymized', 'Anonymized'),
	(221, 80, 10.00, 'confirmed', '2023-11-21 11:53:54', '2023-11-23 23:24:02', 'e8dd84ce7d3f5f9c', 117, 'Anonymized', 'Anonymized'),
	(222, 80, 10.00, 'confirmed', '2023-11-21 12:20:28', '2023-11-23 23:24:02', '1ece9d7a1083e89b', 118, 'Anonymized', 'Anonymized'),
	(223, 80, 10.00, 'confirmed', '2023-11-21 12:22:17', '2023-11-23 23:24:02', 'fcfa4c3717bcce72', 117, 'Anonymized', 'Anonymized'),
	(224, 80, 10.00, 'confirmed', '2023-11-21 12:34:54', '2023-11-23 23:24:02', '3124f53c9cef8b02', 117, 'Anonymized', 'Anonymized'),
	(225, 80, 10.00, 'confirmed', '2023-11-21 12:36:01', '2023-11-23 23:24:02', 'a9aaeb699de83c1e', 118, 'Anonymized', 'Anonymized'),
	(226, 80, 10.00, 'confirmed', '2023-11-21 14:06:10', '2023-11-23 23:24:02', '89aa511babd77268', 117, 'Anonymized', 'Anonymized'),
	(227, 80, 10.00, 'confirmed', '2023-11-21 14:13:36', '2023-11-23 23:24:02', '56355061437f80cc', 118, 'Anonymized', 'Anonymized'),
	(228, 80, 10.00, 'pending', '2023-11-21 14:32:40', '2023-11-23 23:24:02', 'aafe44e19f35f674', 117, 'Anonymized', 'Anonymized'),
	(229, 80, 10.00, 'confirmed', '2023-11-21 14:32:57', '2023-11-23 23:24:02', '182788bcdab3bc14', 118, 'Anonymized', 'Anonymized'),
	(230, 80, 10.00, 'confirmed', '2023-11-21 14:34:06', '2023-11-23 23:24:02', 'd69444b7c0e3c614', 117, 'Anonymized', 'Anonymized'),
	(231, 80, 10.00, 'confirmed', '2023-11-21 15:05:13', '2023-11-23 23:24:02', 'd5dde1e50c531eb6', 118, 'Anonymized', 'Anonymized'),
	(232, 80, 10.00, 'pending', '2023-11-21 15:21:57', '2023-11-23 23:24:02', '340216ff40663492', 117, 'Anonymized', 'Anonymized'),
	(233, 80, 10.00, 'pending', '2023-11-21 15:23:31', '2023-11-23 23:24:02', '54bc46bc3063167f', 118, 'Anonymized', 'Anonymized'),
	(234, 80, 10.00, 'pending', '2023-11-21 15:23:50', '2023-11-23 23:24:02', '7ab45e22bd69320e', 117, 'Anonymized', 'Anonymized'),
	(235, 80, 10.00, 'pending', '2023-11-21 15:24:13', '2023-11-23 23:24:02', 'f59b99a861fcf681', 118, 'Anonymized', 'Anonymized'),
	(236, 80, 10.00, 'confirmed', '2023-11-21 15:26:03', '2023-11-23 23:24:02', '7001c723fa87b40b', 118, 'Anonymized', 'Anonymized'),
	(237, 80, 10.00, 'pending', '2023-11-21 15:39:00', '2023-11-23 23:24:02', '3a1113c423ac166a', 117, 'Anonymized', 'Anonymized'),
	(238, 80, 349.97, 'confirmed', '2023-11-21 15:43:51', '2023-11-23 23:24:02', '8f65d772ea7baf56', 117, 'Anonymized', 'Anonymized'),
	(239, 80, 60.00, 'confirmed', '2023-11-21 15:47:54', '2023-11-23 23:24:02', '103d98bcdc1d7adc', 117, 'Anonymized', 'Anonymized'),
	(240, 80, 60.00, 'pending', '2023-11-21 15:53:56', '2023-11-23 23:24:02', '80c34ea6d6ff3c16', 117, 'Anonymized', 'Anonymized'),
	(241, 81, 20.00, 'confirmed', '2023-11-21 23:52:42', '2023-11-23 23:28:08', '311d870a4fc98199', 119, 'Anonymized', 'Anonymized'),
	(242, 79, 10.00, 'confirmed', '2023-11-23 09:42:37', '2023-11-23 17:33:32', '8114b113ec866e17', NULL, 'TEST', 'TEST'),
	(243, 79, 10.00, 'confirmed', '2023-11-23 09:45:31', '2023-11-23 17:33:32', 'e8884104538719fb', NULL, 'Leroi', 'Lareine'),
	(244, 79, 10.00, 'pending', '2023-11-23 09:49:07', '2023-11-23 17:33:32', '7f73090c06a29d5f', NULL, 'azeaezza', 'ezaa'),
	(245, 81, 10.00, 'confirmed', '2023-11-23 10:08:35', '2023-11-23 23:28:08', '8c61efc2083365f2', 119, 'Anonymized', 'Anonymized'),
	(246, 81, 10.00, 'confirmed', '2023-11-23 10:10:10', '2023-11-23 23:28:08', '8f8f58d83b3894e8', 120, 'Anonymized', 'Anonymized'),
	(247, 81, 10.00, 'confirmed', '2023-11-23 10:15:20', '2023-11-23 23:28:08', '3eb8838dcfdd0ce7', 120, 'Anonymized', 'Anonymized'),
	(248, 83, 10.00, 'confirmed', '2023-11-23 10:18:00', '2023-11-23 10:18:24', 'f763678d1e989506', 121, 'Yaaas', 'AAAKg'),
	(249, 83, 10.00, 'confirmed', '2023-11-23 10:19:30', '2023-11-23 10:19:54', '4911f4ef0343ec4a', 122, 'Yaaas', 'AAAKg'),
	(250, 84, 10.00, 'confirmed', '2023-11-23 10:32:02', '2023-11-23 10:32:22', '8aedc131dd394136', 123, 'Yaaas', 'AAAKg'),
	(251, 84, 10.00, 'pending', '2023-11-23 12:11:31', '2023-11-23 12:11:31', 'cb5e677318a13d1c', 123, 'Yaaas', 'AAAKg'),
	(252, 84, 10.00, 'pending', '2023-11-23 12:11:52', '2023-11-23 12:11:52', '8c1d15c9cf78a4da', 123, 'Yaaas', 'AAAKg'),
	(253, 84, 20.00, 'confirmed', '2023-11-23 12:15:34', '2023-11-23 12:15:53', '3fba36ffe885ca6f', 123, 'Yaaas', 'AAAKg'),
	(254, 84, 10.00, 'confirmed', '2023-11-23 13:40:49', '2023-11-23 13:41:07', '0223da1e13daae64', 123, 'je suis', 'tu es'),
	(255, 85, 60.00, 'confirmed', '2023-11-23 14:48:25', '2023-11-23 15:01:34', '166e40899ddcd8b2', NULL, 'azea', 'eazza'),
	(256, 85, 10.00, 'confirmed', '2023-11-23 15:32:17', '2023-11-23 15:50:45', '12678c1427e0e680', NULL, 'ezaezaz', 'eaea'),
	(257, 85, 10.00, 'confirmed', '2023-11-23 15:43:35', '2023-11-23 15:51:20', '7bd5f04f8e5c8e54', NULL, 'azezaeza', 'ezaeza'),
	(258, 79, 10.00, 'confirmed', '2023-11-23 17:31:55', '2023-11-23 17:33:32', 'e53859493c1bd19a', NULL, 'Yaaas', 'AAAKg'),
	(259, 88, 10.00, 'confirmed', '2023-11-24 02:42:57', '2023-11-24 02:43:18', '2b5a70dc9287f48b', 130, 'Final test', 'AAAKg'),
	(260, 91, 10.00, 'confirmed', '2023-11-26 22:32:30', '2023-11-26 22:33:01', 'bc681ba02897562c', 132, 'Yaaas', 'AAAKg'),
	(261, 91, 10.00, 'confirmed', '2023-11-27 00:29:39', '2023-11-27 01:12:46', '5e99a31dab72e26e', 132, 'Yaaas', 'AAAKg'),
	(262, 91, 10.00, 'confirmed', '2023-11-27 14:14:52', '2023-11-27 14:15:21', '3e0abb5f1449fb0b', 132, 'Yaaas', 'AAAKg'),
	(263, 91, 10.00, 'confirmed', '2023-11-27 17:35:45', '2023-11-27 17:36:06', '923e7d966c94298b', 132, 'Yaaas', 'AAAKg'),
	(264, 91, 20.00, 'confirmed', '2023-11-28 13:39:51', '2023-11-28 13:40:16', '938dbe0e5074b870', 131, 'Yaaas', 'AAAKg'),
	(265, 91, 60.00, 'confirmed', '2023-11-28 13:50:25', '2023-11-28 13:50:44', '08aa0f2bdc0cb8d5', 132, 'Yaaas', 'AAAKg'),
	(266, 91, 11.00, 'confirmed', '2023-11-28 20:23:02', '2023-11-28 20:23:46', 'b680c1374fb49c10', 132, 'Yaaaszaazzaz', 'AAAKg'),
	(267, 93, 12.00, 'confirmed', '2023-11-29 13:22:11', '2023-11-29 13:22:39', 'd560abf77e00bdc7', 134, 'Test', 'Final'),
	(268, 93, 12.00, 'confirmed', '2023-11-29 14:19:36', '2023-11-29 14:19:59', '5873c00932fd443a', 134, 'Yaaas', 'AAAKg'),
	(269, 93, 25.00, 'confirmed', '2023-11-29 15:14:27', '2023-11-29 15:14:47', 'c19953bb1ca0cadb', 134, 'Yaaas', 'AAAKg'),
	(270, 93, 39.00, 'confirmed', '2023-11-29 15:25:52', '2023-11-29 15:26:23', '6ebb517f019097b9', 134, 'Yaaas', 'AAAKg'),
	(271, 94, 45.00, 'confirmed', '2023-11-30 14:24:19', '2023-12-03 00:26:39', '24b8010afd1ca341', 136, 'Anonymized', 'Anonymized'),
	(272, 94, 12.00, 'confirmed', '2023-11-30 14:37:06', '2023-12-03 00:26:39', 'cefd7f3ace0a0b00', 135, 'Anonymized', 'Anonymized'),
	(273, 96, 24.00, 'confirmed', '2023-12-03 00:52:45', '2023-12-03 00:57:48', '53567b35b3fc4695', NULL, 'Anonymized', 'Anonymized'),
	(274, 102, 2.00, 'confirmed', '2023-12-03 01:51:45', '2023-12-03 01:54:27', 'df04fae870398c2c', 139, 'Anonymized', 'Anonymized'),
	(275, 121, 12.00, 'confirmed', '2023-12-03 04:31:01', '2023-12-03 04:35:53', '6ed583951c254577', 140, 'Anonymized', 'Anonymized'),
	(276, 124, 14.00, 'confirmed', '2023-12-03 06:25:39', '2023-12-03 06:25:53', '58fb61e239aa2c5a', 141, 'Yaaas', 'AAAKg'),
	(277, 131, 5.00, 'confirmed', '2023-12-05 09:52:42', '2023-12-05 09:52:58', '3611fc5bd4cc9e3d', 142, 'Yaaas', 'AAAKg'),
	(278, 131, 12.00, 'confirmed', '2023-12-05 10:09:19', '2023-12-05 10:09:30', '2047b523b0fe4b80', 142, 'Yaaas', 'AAAKg'),
	(279, 131, 1.00, 'confirmed', '2023-12-05 10:29:06', '2023-12-05 10:29:21', 'e0f16864f6a58b17', 142, 'Yaaas', 'AAAKg'),
	(280, 131, 48.71, 'confirmed', '2023-12-05 10:30:32', '2023-12-05 10:30:52', '3b63b580e46ffce6', 142, 'Yaaas', 'AAAKg'),
	(281, 138, 15.00, 'confirmed', '2023-12-05 16:17:20', '2023-12-05 16:22:27', 'd7d7d9e7c8a0968b', NULL, 'Anonymized', 'Anonymized'),
	(282, 139, 17.00, 'confirmed', '2023-12-06 12:06:55', '2023-12-16 18:44:07', '72e47e764e6cc405', 144, 'Anonymized', 'Anonymized'),
	(283, 139, 12.00, 'confirmed', '2023-12-06 17:40:27', '2023-12-16 18:44:07', '87104048bb1b107c', 144, 'Anonymized', 'Anonymized'),
	(284, 139, 2.00, 'confirmed', '2023-12-06 18:11:14', '2023-12-16 18:44:07', 'ddcb4c525c2fbc10', 144, 'Anonymized', 'Anonymized'),
	(285, 140, 108.00, 'confirmed', '2023-12-06 18:35:55', '2023-12-11 06:01:07', '7fc0c690158a245a', 145, 'Anonymized', 'Anonymized'),
	(286, 140, 412.00, 'confirmed', '2023-12-06 19:27:15', '2023-12-11 06:01:07', '51f30080e500ac00', 146, 'Anonymized', 'Anonymized'),
	(287, 140, 100.00, 'confirmed', '2023-12-06 19:29:40', '2023-12-11 06:01:07', '3a1009fa4eb7f70c', 146, 'Anonymized', 'Anonymized'),
	(288, 140, 50.00, 'confirmed', '2023-12-06 19:31:15', '2023-12-11 06:01:07', '5fd24f94f9e9ad37', 146, 'Anonymized', 'Anonymized'),
	(289, 139, 10.00, 'confirmed', '2023-12-06 19:39:36', '2023-12-16 18:44:07', '00a1da531084df56', 144, 'Anonymized', 'Anonymized'),
	(290, 139, 6.00, 'confirmed', '2023-12-06 20:23:53', '2023-12-16 18:44:07', '92b59b2577b06b89', 144, 'Anonymized', 'Anonymized'),
	(291, 139, 2.00, 'confirmed', '2023-12-06 20:51:26', '2023-12-16 18:44:07', 'c18170c084d5cee8', 144, 'Anonymized', 'Anonymized'),
	(292, 139, 4.00, 'confirmed', '2023-12-06 20:52:24', '2023-12-16 18:44:07', '158cbbec9803bc5a', 144, 'Anonymized', 'Anonymized'),
	(293, 142, 10.00, 'confirmed', '2023-12-07 01:41:45', '2023-12-07 01:42:11', '6376d6dae6d10635', 147, 'Anonymized', 'Anonymized'),
	(294, 143, 300.00, 'confirmed', '2023-12-07 02:40:27', '2023-12-07 02:50:15', 'a91607b0fc27733a', 148, 'Anonymized', 'Anonymized'),
	(295, 139, 2.00, 'confirmed', '2023-12-07 02:43:47', '2023-12-16 18:44:07', 'e2804d1ee8989762', 144, 'Anonymized', 'Anonymized'),
	(296, 144, 500.00, 'confirmed', '2023-12-07 02:46:31', '2023-12-07 03:02:00', 'f3ad577135a5b2ef', 149, 'Anonymized', 'Anonymized'),
	(297, 145, 12.00, 'confirmed', '2023-12-07 02:54:33', '2023-12-07 02:54:41', '6af6d4b9595cd204', 150, 'Yaaas', 'AAAKg'),
	(298, 146, 15.00, 'confirmed', '2023-12-07 03:17:02', '2023-12-07 03:17:15', 'd2a5c0a9c3e53962', 151, 'Yaaas', 'AAAKg'),
	(299, 148, 10.00, 'confirmed', '2023-12-07 03:24:19', '2023-12-15 03:40:02', '56130983fa9ac1f5', 152, 'Anonymized', 'Anonymized'),
	(300, 147, 50.00, 'confirmed', '2023-12-07 03:26:16', '2023-12-07 03:26:25', '71a56da035ab5557', 153, 'Yaaas', 'AAAKg'),
	(301, 149, 50.00, 'confirmed', '2023-12-07 03:29:04', '2023-12-15 03:34:44', '5cc5d6209eaf72d9', 154, 'Anonymized', 'Anonymized'),
	(302, 151, 10.00, 'confirmed', '2023-12-07 03:32:15', '2023-12-07 03:36:22', '8a3e6e39ec5896d3', 155, 'Anonymized', 'Anonymized'),
	(303, 152, 10.00, 'confirmed', '2023-12-07 03:38:07', '2023-12-07 03:38:16', 'd021281a5bba8ef0', 156, 'Yaaas', 'AAAKg'),
	(304, 153, 10.00, 'confirmed', '2023-12-07 03:39:15', '2023-12-07 03:41:30', 'f83d63cedeae3538', 157, 'Anonymized', 'Anonymized'),
	(305, 152, 10.00, 'confirmed', '2023-12-07 18:53:13', '2023-12-07 18:53:27', 'd1baea5a6ae25f39', 156, 'LOLED', 'AAAKg'),
	(306, 154, 11.00, 'confirmed', '2023-12-09 16:28:30', '2023-12-09 16:35:20', 'b06489111f89f47f', 158, 'Anonymized', 'Anonymized'),
	(307, 155, 10.00, 'confirmed', '2023-12-09 16:30:00', '2023-12-09 16:30:10', 'e2fbd2a7b5caa8e6', 159, 'Yaaas', 'AAAKg'),
	(308, 156, 11.00, 'confirmed', '2023-12-09 16:42:31', '2023-12-09 16:46:07', '0866dc3b1e6e243f', 160, 'Anonymized', 'Anonymized'),
	(309, 157, 10.00, 'confirmed', '2023-12-09 16:43:57', '2023-12-09 22:47:44', '57831a1accf902af', 161, 'Anonymized', 'Anonymized'),
	(310, 157, 10.00, 'confirmed', '2023-12-09 22:22:14', '2023-12-09 22:47:44', '71e0f47ac733768b', 161, 'Anonymized', 'Anonymized'),
	(311, 157, 93.00, 'confirmed', '2023-12-09 22:47:10', '2023-12-09 22:47:44', '9204f70a49cc200b', 161, 'Anonymized', 'Anonymized'),
	(312, 140, 0.00, 'pending', '2023-12-10 15:23:08', '2023-12-11 06:01:07', 'aeba482cd1490ae3', 146, 'Anonymized', 'Anonymized'),
	(313, 140, 10.00, 'confirmed', '2023-12-11 05:09:15', '2023-12-11 06:01:07', '03820827658e19e8', 146, 'Anonymized', 'Anonymized'),
	(314, 159, 10.00, 'confirmed', '2023-12-11 06:00:04', '2023-12-18 09:08:30', 'a2ba722623de8f31', NULL, 'Anonymized', 'Anonymized'),
	(315, 160, 10.00, 'pending', '2023-12-12 04:51:20', '2023-12-12 04:58:59', '2c80dee3df66e45a', NULL, 'Yaaas', 'AAAKg'),
	(316, 160, 10.00, 'confirmed', '2023-12-12 04:51:24', '2023-12-12 04:58:59', '9d11342236d9c863', NULL, 'Yaaas', 'AAAKg'),
	(317, 160, 11.00, 'confirmed', '2023-12-12 05:05:01', '2023-12-12 05:55:31', '2cdd194937f1ffac', NULL, 'Yaaas', 'AAAKg'),
	(318, 160, 11.00, 'pending', '2023-12-12 06:08:53', '2023-12-12 06:09:34', '2265a284a2b462c6', NULL, 'Yaaas', 'AAAKg'),
	(319, 160, 11.00, 'pending', '2023-12-12 06:09:16', '2023-12-12 06:09:34', 'bd347444d9164a02', NULL, 'Yaaas', 'AAAKg'),
	(320, 160, 44.00, 'pending', '2023-12-12 06:19:08', '2023-12-12 06:20:17', '08f6841811c25ec4', NULL, 'Yaaas', 'AAAKg'),
	(321, 160, 44.00, 'confirmed', '2023-12-12 06:19:39', '2023-12-12 06:20:17', 'd16f8017a736be77', NULL, 'test delivery wesh', 'ok maggle'),
	(322, 160, 11.00, 'confirmed', '2023-12-12 06:21:24', '2023-12-12 06:24:34', '42e79fd5b45b2d46', NULL, 'Yaaas', 'AAAKg'),
	(323, 160, 11.00, 'confirmed', '2023-12-12 06:22:59', '2023-12-12 06:24:36', 'e0a421d9ec1c17fb', NULL, 'Yaaas', 'AAAKg'),
	(324, 160, 11.00, 'confirmed', '2023-12-12 06:25:40', '2023-12-12 06:29:46', 'dacc3ba6d487ae3e', NULL, 'confirme', 'azezaea'),
	(325, 160, 11.00, 'confirmed', '2023-12-12 06:30:12', '2023-12-12 06:31:07', 'f9a9393a888ec9c5', NULL, 'Yaaas', 'AAAKg'),
	(326, 161, 22.00, 'confirmed', '2023-12-12 06:36:40', '2023-12-12 06:42:33', '50ba49fb2cf99d76', NULL, 'Yaaas', 'AAAKg'),
	(327, 161, 11.00, 'confirmed', '2023-12-12 06:38:35', '2023-12-12 07:26:02', 'ff650f4545dc0b94', NULL, 'billing pro', 'azeaea'),
	(328, 161, 33.00, 'pending', '2023-12-12 07:32:35', '2023-12-12 07:33:07', '24a192265d42db96', NULL, NULL, NULL),
	(329, 161, 33.00, 'pending', '2023-12-12 07:32:43', '2023-12-12 07:33:07', 'f5081a7f810f7857', NULL, NULL, NULL),
	(330, 161, 44.00, 'confirmed', '2023-12-12 07:34:05', '2023-12-12 07:37:57', '4640c98a5c830d4a', NULL, 'Yasin', 'Akgedik lol'),
	(331, 161, 11.00, 'confirmed', '2023-12-12 07:35:28', '2023-12-12 07:38:14', 'c223fc9e0f9adfa6', NULL, 'Yaaas', 'AAAKg'),
	(332, 163, 11.00, 'confirmed', '2023-12-15 00:47:04', '2023-12-15 01:13:30', '98d34117ff24c81e', 183, 'Anonymized', 'Anonymized'),
	(333, 139, 5000.99, 'pending', '2023-12-16 18:39:54', '2023-12-16 18:44:07', '6046bc3f07c25e1b', 144, 'Anonymized', 'Anonymized'),
	(334, 139, 5000.99, 'confirmed', '2023-12-16 18:39:55', '2023-12-16 18:44:07', '445769cc2bb6a44a', 144, 'Anonymized', 'Anonymized'),
	(335, 167, 5000.99, 'confirmed', '2023-12-17 18:01:14', '2023-12-17 18:55:35', '66e1797ff833c095', 185, 'Anonymized', 'Anonymized'),
	(336, 168, 50.00, 'confirmed', '2023-12-17 18:05:00', '2023-12-18 02:35:53', '5047af3275e43de1', 186, 'Anonymized', 'Anonymized'),
	(337, 172, 100.00, 'confirmed', '2023-12-17 18:53:21', '2023-12-17 18:57:59', 'd35bcfe60946834a', 187, 'Anonymized', 'Anonymized'),
	(338, 167, 50.00, 'confirmed', '2023-12-17 18:54:27', '2023-12-17 18:55:35', 'be0225ce50735a44', 185, 'Anonymized', 'Anonymized'),
	(339, 174, 989898.99, 'confirmed', '2023-12-18 02:34:19', '2023-12-18 02:34:46', '130cc3fed352d4aa', 188, 'Anonymized', 'Anonymized'),
	(340, 158, 100.00, 'confirmed', '2023-12-18 04:07:11', '2023-12-18 04:08:27', '13c6ec5472c7e703', 189, 'Anonymized', 'Anonymized'),
	(341, 165, 10.00, 'confirmed', '2023-12-22 14:33:32', '2023-12-22 14:33:44', 'de0e370c0550e7c8', 190, 'Yaaas', 'AAAKg'),
	(342, 176, 10001.98, 'confirmed', '2023-12-30 16:21:27', '2024-01-08 00:33:56', '7b2402ff27b9067d', NULL, 'Tiff', 'Lameilleureee'),
	(343, 177, 15.00, 'confirmed', '2024-01-02 23:51:19', '2024-01-02 23:51:42', 'ce0ddd7d74bca6d1', 194, 'Anonymized', 'Anonymized'),
	(344, 178, 15.00, 'confirmed', '2024-01-02 23:52:39', '2024-01-02 23:53:21', '5380b0db4d8d0453', 195, 'Anonymized', 'Anonymized'),
	(345, 176, 70.00, 'pending', '2024-01-07 21:31:19', '2024-01-07 21:31:19', 'a5577540948f990d', 193, 'Yaaas', 'AAAKg'),
	(346, 176, 5080.99, 'pending', '2024-01-08 00:15:33', '2024-01-08 00:33:56', '80336b547b92952b', NULL, 'Yaaas', 'AAAKg'),
	(347, 176, 5080.99, 'confirmed', '2024-01-08 00:17:14', '2024-01-08 00:33:56', '60c313ecfa2d790c', NULL, 'Test', 'Tiffany'),
	(348, 176, 50.00, 'confirmed', '2024-01-08 00:25:57', '2024-01-08 00:33:56', 'c1ef6d93fd9eebc1', NULL, 'Yasin', 'Akgedik lol'),
	(349, 176, 10.00, 'pending', '2024-01-08 00:31:41', '2024-01-08 00:33:56', '8b9e725738730331', NULL, 'Final', 'Teste'),
	(350, 179, 135.00, 'confirmed', '2024-01-08 00:44:20', '2024-01-08 00:51:42', '98494672c1f468b4', 196, 'Anonymized', 'Anonymized'),
	(351, 179, 15.00, 'confirmed', '2024-01-08 00:47:05', '2024-01-08 00:51:42', '61dda7645cbb88f5', 196, 'Anonymized', 'Anonymized'),
	(352, 176, 8.99, 'confirmed', '2024-01-08 00:50:55', '2024-01-08 00:51:04', '3088c37e73fe4fd1', 198, 'Final', 'Test'),
	(353, 180, 50.00, 'pending', '2024-01-08 00:57:35', '2024-01-08 00:57:35', '9bc5fb1a9ff76d7e', 199, 'Kazay', 'Zaika'),
	(354, 181, 9.99, 'confirmed', '2024-01-08 17:53:55', '2024-01-08 22:24:15', '98c4a97f144f036a', 200, 'Anonymized', 'Anonymized'),
	(355, 181, 9.99, 'pending', '2024-01-08 18:02:00', '2024-01-08 22:24:15', '57755907b8531cc7', 200, 'Anonymized', 'Anonymized'),
	(356, 181, 9.99, 'pending', '2024-01-08 19:58:41', '2024-01-08 22:24:15', '7ca73c28eafe3cd9', 200, 'Anonymized', 'Anonymized'),
	(357, 176, 9.99, 'pending', '2024-01-08 20:37:21', '2024-01-08 20:37:21', 'd56a16c1b30b504a', 198, 'Final', 'Test'),
	(358, 176, 59.99, 'pending', '2024-01-08 20:44:21', '2024-01-08 20:44:21', '83caa115cd7df19d', 193, 'Final', 'Test'),
	(359, 181, 59.99, 'pending', '2024-01-08 20:45:37', '2024-01-08 22:24:15', 'eef1abeaeafb4899', 200, 'Anonymized', 'Anonymized'),
	(360, 176, 109.99, 'pending', '2024-01-08 20:46:15', '2024-01-08 20:46:15', '3e9849f650c9e15f', 198, 'Yasin', 'Akgedik lol'),
	(361, 181, 59.99, 'pending', '2024-01-08 20:48:29', '2024-01-08 22:24:15', '08b53c53f928c894', 200, 'Anonymized', 'Anonymized'),
	(362, 180, 100.00, 'pending', '2024-01-08 20:49:02', '2024-01-08 20:49:02', '70b6be4365607bda', 199, 'Kazay', 'Zaika'),
	(363, 176, 119.98, 'pending', '2024-01-08 20:50:11', '2024-01-08 20:50:11', '386344488902e752', 198, 'Yasin', 'Akgedik lol'),
	(364, 181, 109.99, 'confirmed', '2024-01-08 20:51:58', '2024-01-08 22:24:15', '51b05d58848c6009', 200, 'Anonymized', 'Anonymized'),
	(365, 181, 50.00, 'confirmed', '2024-01-08 20:56:31', '2024-01-08 22:24:15', 'd3abec316d16a752', 200, 'Anonymized', 'Anonymized'),
	(366, 181, 59.99, 'pending', '2024-01-08 21:13:18', '2024-01-08 22:24:15', '6848c42c04355393', 200, 'Anonymized', 'Anonymized'),
	(367, 181, 69.98, 'pending', '2024-01-08 21:16:37', '2024-01-08 22:24:15', '61df2bf7338b1fea', 200, 'Anonymized', 'Anonymized'),
	(368, 180, 150.00, 'pending', '2024-01-08 21:22:00', '2024-01-08 21:22:00', 'd11d481a17e6a103', 199, 'Kazay', 'Zaika'),
	(369, 181, 79.97, 'pending', '2024-01-08 21:48:12', '2024-01-08 22:24:15', '82adafc9f6152e5a', 200, 'Anonymized', 'Anonymized'),
	(370, 176, 540.00, 'confirmed', '2024-01-08 22:23:13', '2024-01-08 22:23:25', 'dbdee039c42dd478', 198, 'Yasin', 'Akgedik lol'),
	(371, 180, 30.00, 'confirmed', '2024-01-11 17:55:04', '2024-01-11 17:55:16', '97475ed714ca5c6e', 199, 'Yaaas', 'AAAKg'),
	(372, 182, 9.99, 'confirmed', '2024-01-11 18:09:33', '2024-01-11 18:13:03', 'e0e07a0a0c7a462d', 201, 'Anonymized', 'Anonymized');

-- Listage de la structure de table projet. order_detail
CREATE TABLE IF NOT EXISTS `order_detail` (
  `id` int NOT NULL AUTO_INCREMENT,
  `order_id` int NOT NULL,
  `quantity` int NOT NULL,
  `price` decimal(10,2) NOT NULL,
  `subtotal` decimal(10,2) NOT NULL,
  `product_id` int NOT NULL,
  PRIMARY KEY (`id`),
  KEY `IDX_ED896F468D9F6D38` (`order_id`),
  KEY `IDX_ED896F464584665A` (`product_id`),
  CONSTRAINT `FK_ED896F464584665A` FOREIGN KEY (`product_id`) REFERENCES `product` (`id`),
  CONSTRAINT `FK_ED896F468D9F6D38` FOREIGN KEY (`order_id`) REFERENCES `order` (`id`)
) ENGINE=InnoDB AUTO_INCREMENT=487 DEFAULT CHARSET=utf8mb4 COLLATE=utf8mb4_unicode_ci;

-- Listage des données de la table projet.order_detail : ~159 rows (environ)
INSERT INTO `order_detail` (`id`, `order_id`, `quantity`, `price`, `subtotal`, `product_id`) VALUES
	(325, 267, 1, 12.00, 12.00, 70),
	(326, 268, 1, 12.00, 12.00, 70),
	(327, 269, 1, 1.00, 1.00, 71),
	(328, 269, 2, 12.00, 24.00, 70),
	(329, 270, 1, 1.00, 1.00, 72),
	(330, 270, 2, 1.00, 2.00, 71),
	(331, 270, 3, 12.00, 36.00, 70),
	(332, 271, 3, 1.00, 3.00, 73),
	(333, 271, 3, 1.00, 3.00, 72),
	(334, 271, 3, 1.00, 3.00, 71),
	(335, 271, 3, 12.00, 36.00, 70),
	(336, 272, 1, 12.00, 12.00, 70),
	(337, 273, 2, 12.00, 24.00, 70),
	(338, 274, 1, 1.00, 1.00, 74),
	(339, 274, 1, 1.00, 1.00, 71),
	(340, 275, 1, 12.00, 12.00, 70),
	(341, 276, 1, 12.00, 12.00, 70),
	(342, 276, 2, 1.00, 2.00, 71),
	(343, 277, 1, 1.00, 1.00, 71),
	(344, 277, 4, 1.00, 4.00, 72),
	(345, 278, 1, 12.00, 12.00, 70),
	(346, 279, 1, 1.00, 1.00, 71),
	(347, 280, 1, 25.76, 25.76, 82),
	(348, 280, 1, 0.95, 0.95, 81),
	(349, 280, 1, 1.00, 1.00, 80),
	(350, 280, 1, 1.00, 1.00, 78),
	(351, 280, 1, 1.00, 1.00, 77),
	(352, 280, 1, 1.00, 1.00, 76),
	(353, 280, 1, 2.00, 2.00, 75),
	(354, 280, 1, 1.00, 1.00, 74),
	(355, 280, 1, 1.00, 1.00, 73),
	(356, 280, 1, 1.00, 1.00, 72),
	(357, 280, 1, 1.00, 1.00, 71),
	(358, 280, 1, 12.00, 12.00, 70),
	(359, 281, 1, 1.00, 1.00, 77),
	(360, 281, 1, 1.00, 1.00, 76),
	(361, 281, 1, 1.00, 1.00, 71),
	(362, 281, 1, 12.00, 12.00, 70),
	(363, 282, 1, 1.00, 1.00, 121),
	(364, 282, 1, 12.00, 12.00, 122),
	(365, 282, 1, 1.00, 1.00, 123),
	(366, 282, 1, 1.00, 1.00, 125),
	(367, 282, 1, 1.00, 1.00, 127),
	(368, 282, 1, 1.00, 1.00, 128),
	(369, 283, 1, 11.00, 11.00, 139),
	(370, 283, 1, 1.00, 1.00, 140),
	(371, 284, 1, 2.00, 2.00, 141),
	(372, 285, 1, 10.00, 10.00, 131),
	(373, 285, 1, 98.00, 98.00, 130),
	(374, 286, 4, 98.00, 392.00, 130),
	(375, 286, 2, 10.00, 20.00, 131),
	(376, 287, 2, 50.00, 100.00, 142),
	(377, 288, 1, 50.00, 50.00, 142),
	(378, 289, 2, 5.00, 10.00, 78),
	(379, 290, 3, 2.00, 6.00, 141),
	(380, 291, 1, 2.00, 2.00, 141),
	(381, 292, 2, 2.00, 4.00, 141),
	(382, 293, 1, 10.00, 10.00, 131),
	(383, 294, 6, 50.00, 300.00, 142),
	(384, 295, 1, 2.00, 2.00, 141),
	(385, 296, 1, 500.00, 500.00, 143),
	(386, 297, 1, 12.00, 12.00, 144),
	(387, 298, 1, 15.00, 15.00, 145),
	(388, 299, 1, 10.00, 10.00, 146),
	(389, 300, 1, 50.00, 50.00, 147),
	(390, 301, 1, 50.00, 50.00, 147),
	(391, 302, 1, 10.00, 10.00, 149),
	(392, 303, 1, 10.00, 10.00, 149),
	(393, 304, 1, 10.00, 10.00, 150),
	(394, 305, 1, 10.00, 10.00, 149),
	(395, 306, 1, 11.00, 11.00, 152),
	(396, 307, 1, 10.00, 10.00, 153),
	(397, 308, 1, 11.00, 11.00, 152),
	(398, 309, 1, 10.00, 10.00, 154),
	(399, 310, 1, 10.00, 10.00, 151),
	(400, 311, 1, 0.00, 0.00, 153),
	(401, 311, 1, 10.00, 10.00, 146),
	(402, 311, 1, 50.00, 50.00, 147),
	(403, 311, 3, 11.00, 33.00, 152),
	(404, 312, 1, 0.00, 0.00, 156),
	(405, 313, 1, 10.00, 10.00, 164),
	(406, 314, 1, 10.00, 10.00, 162),
	(407, 315, 1, 10.00, 10.00, 160),
	(408, 316, 1, 10.00, 10.00, 160),
	(409, 317, 1, 11.00, 11.00, 152),
	(410, 318, 1, 11.00, 11.00, 152),
	(411, 319, 1, 11.00, 11.00, 152),
	(412, 320, 4, 11.00, 44.00, 152),
	(413, 321, 4, 11.00, 44.00, 152),
	(414, 322, 1, 11.00, 11.00, 152),
	(415, 323, 1, 11.00, 11.00, 152),
	(416, 324, 1, 11.00, 11.00, 152),
	(417, 325, 1, 11.00, 11.00, 152),
	(418, 326, 2, 11.00, 22.00, 152),
	(419, 327, 1, 11.00, 11.00, 152),
	(420, 328, 3, 11.00, 33.00, 152),
	(421, 329, 3, 11.00, 33.00, 152),
	(422, 330, 4, 11.00, 44.00, 152),
	(423, 331, 1, 11.00, 11.00, 152),
	(424, 332, 1, 11.00, 11.00, 152),
	(425, 333, 1, 5000.99, 5000.99, 174),
	(426, 334, 1, 5000.99, 5000.99, 174),
	(427, 335, 1, 5000.99, 5000.99, 174),
	(428, 336, 1, 50.00, 50.00, 176),
	(429, 337, 1, 50.00, 50.00, 176),
	(430, 337, 1, 50.00, 50.00, 175),
	(431, 338, 1, 50.00, 50.00, 177),
	(432, 339, 1, 989898.99, 989898.99, 178),
	(433, 340, 1, 50.00, 50.00, 180),
	(434, 340, 1, 50.00, 50.00, 179),
	(435, 341, 1, 10.00, 10.00, 184),
	(436, 342, 2, 5000.99, 10001.98, 174),
	(437, 343, 1, 15.00, 15.00, 189),
	(438, 344, 1, 15.00, 15.00, 189),
	(439, 345, 1, 10.00, 10.00, 183),
	(440, 345, 1, 50.00, 50.00, 179),
	(441, 345, 1, 10.00, 10.00, 182),
	(442, 346, 1, 5000.99, 5000.99, 174),
	(443, 346, 1, 10.00, 10.00, 183),
	(444, 346, 1, 50.00, 50.00, 179),
	(445, 346, 2, 10.00, 20.00, 182),
	(446, 347, 1, 5000.99, 5000.99, 174),
	(447, 347, 1, 10.00, 10.00, 183),
	(448, 347, 1, 50.00, 50.00, 179),
	(449, 347, 2, 10.00, 20.00, 182),
	(450, 348, 1, 50.00, 50.00, 175),
	(451, 349, 1, 10.00, 10.00, 184),
	(452, 350, 1, 120.00, 120.00, 188),
	(453, 350, 1, 15.00, 15.00, 189),
	(454, 351, 1, 15.00, 15.00, 189),
	(455, 352, 1, 8.99, 8.99, 192),
	(456, 353, 1, 50.00, 50.00, 185),
	(457, 354, 1, 9.99, 9.99, 195),
	(458, 355, 1, 9.99, 9.99, 195),
	(459, 356, 1, 9.99, 9.99, 195),
	(460, 357, 1, 9.99, 9.99, 195),
	(461, 358, 1, 50.00, 50.00, 194),
	(462, 358, 1, 9.99, 9.99, 195),
	(463, 359, 1, 50.00, 50.00, 194),
	(464, 359, 1, 9.99, 9.99, 195),
	(465, 360, 2, 50.00, 100.00, 194),
	(466, 360, 1, 9.99, 9.99, 195),
	(467, 361, 1, 50.00, 50.00, 194),
	(468, 361, 1, 9.99, 9.99, 195),
	(469, 362, 1, 50.00, 50.00, 186),
	(470, 362, 1, 50.00, 50.00, 185),
	(471, 363, 2, 50.00, 100.00, 194),
	(472, 363, 2, 9.99, 19.98, 195),
	(473, 364, 2, 50.00, 100.00, 194),
	(474, 364, 1, 9.99, 9.99, 195),
	(475, 365, 1, 50.00, 50.00, 194),
	(476, 366, 1, 50.00, 50.00, 194),
	(477, 366, 1, 9.99, 9.99, 195),
	(478, 367, 1, 50.00, 50.00, 194),
	(479, 367, 2, 9.99, 19.98, 195),
	(480, 368, 2, 50.00, 100.00, 186),
	(481, 368, 1, 50.00, 50.00, 185),
	(482, 369, 1, 50.00, 50.00, 194),
	(483, 369, 3, 9.99, 29.97, 195),
	(484, 370, 1, 540.00, 540.00, 196),
	(485, 371, 1, 30.00, 30.00, 198),
	(486, 372, 1, 9.99, 9.99, 195);

-- Listage de la structure de table projet. order_tracking
CREATE TABLE IF NOT EXISTS `order_tracking` (
  `id` int NOT NULL AUTO_INCREMENT,
  `order_id` int NOT NULL,
  `status` varchar(255) CHARACTER SET utf8mb4 COLLATE utf8mb4_unicode_ci NOT NULL,
  `updated_at` datetime NOT NULL,
  PRIMARY KEY (`id`),
  KEY `IDX_498480AD8D9F6D38` (`order_id`),
  CONSTRAINT `FK_498480AD8D9F6D38` FOREIGN KEY (`order_id`) REFERENCES `order` (`id`)
) ENGINE=InnoDB AUTO_INCREMENT=129 DEFAULT CHARSET=utf8mb4 COLLATE=utf8mb4_unicode_ci;

-- Listage des données de la table projet.order_tracking : ~96 rows (environ)
INSERT INTO `order_tracking` (`id`, `order_id`, `status`, `updated_at`) VALUES
	(9, 209, 'Payment Confirmed', '2023-11-20 23:47:22'),
	(10, 219, 'Payment Confirmed', '2023-11-21 11:07:51'),
	(11, 220, 'Payment Confirmed', '2023-11-21 11:51:55'),
	(12, 221, 'Payment Confirmed', '2023-11-21 11:54:12'),
	(13, 222, 'Payment Confirmed', '2023-11-21 12:20:59'),
	(14, 223, 'Payment Confirmed', '2023-11-21 12:22:35'),
	(15, 224, 'Payment Confirmed', '2023-11-21 12:35:12'),
	(16, 225, 'Payment Confirmed', '2023-11-21 12:36:19'),
	(17, 226, 'Payment Confirmed', '2023-11-21 14:06:33'),
	(18, 227, 'Payment Confirmed', '2023-11-21 14:13:58'),
	(19, 229, 'Payment Confirmed', '2023-11-21 14:33:15'),
	(20, 230, 'Payment Confirmed', '2023-11-21 14:34:29'),
	(21, 231, 'Payment Confirmed', '2023-11-21 15:05:32'),
	(22, 236, 'Payment Confirmed', '2023-11-21 15:27:00'),
	(23, 238, 'Payment Confirmed', '2023-11-21 15:44:09'),
	(24, 239, 'Payment Confirmed', '2023-11-21 15:48:11'),
	(25, 241, 'Payment Confirmed', '2023-11-21 23:53:11'),
	(26, 242, 'Payment Confirmed', '2023-11-23 09:42:58'),
	(27, 243, 'Payment Confirmed', '2023-11-23 09:45:48'),
	(28, 245, 'Payment Confirmed', '2023-11-23 10:08:56'),
	(29, 246, 'Payment Confirmed', '2023-11-23 10:10:32'),
	(30, 247, 'Payment Confirmed', '2023-11-23 10:15:43'),
	(31, 248, 'Payment Confirmed', '2023-11-23 10:18:24'),
	(32, 249, 'Payment Confirmed', '2023-11-23 10:19:54'),
	(33, 250, 'Payment Confirmed', '2023-11-23 10:32:22'),
	(34, 253, 'Payment Confirmed', '2023-11-23 12:15:53'),
	(35, 254, 'Payment Confirmed', '2023-11-23 13:41:07'),
	(36, 255, 'Payment Confirmed', '2023-11-23 14:48:46'),
	(37, 256, 'Payment Confirmed', '2023-11-23 15:32:59'),
	(38, 257, 'Payment Confirmed', '2023-11-23 15:44:17'),
	(39, 258, 'Payment Confirmed', '2023-11-23 17:32:21'),
	(40, 259, 'Payment Confirmed', '2023-11-24 02:43:18'),
	(41, 260, 'Payment Confirmed', '2023-11-26 22:33:01'),
	(42, 261, 'Payment Confirmed', '2023-11-27 01:12:46'),
	(43, 262, 'Payment Confirmed', '2023-11-27 14:15:21'),
	(44, 263, 'Payment Confirmed', '2023-11-27 17:36:06'),
	(45, 264, 'Payment Confirmed', '2023-11-28 13:40:16'),
	(46, 265, 'Payment Confirmed', '2023-11-28 13:50:44'),
	(47, 266, 'Payment Confirmed', '2023-11-28 20:23:46'),
	(48, 267, 'Payment Confirmed', '2023-11-29 13:22:39'),
	(49, 268, 'Payment Confirmed', '2023-11-29 14:19:59'),
	(50, 269, 'Payment Confirmed', '2023-11-29 15:22:40'),
	(51, 270, 'Payment Confirmed', '2023-11-29 15:26:23'),
	(52, 271, 'Payment Confirmed', '2023-11-30 14:27:27'),
	(53, 272, 'Payment Confirmed', '2023-11-30 14:37:25'),
	(54, 273, 'Payment Confirmed', '2023-12-03 00:53:10'),
	(55, 274, 'Payment Confirmed', '2023-12-03 01:52:06'),
	(56, 275, 'Payment Confirmed', '2023-12-03 04:31:21'),
	(57, 276, 'Payment Confirmed', '2023-12-03 06:25:53'),
	(58, 277, 'Payment Confirmed', '2023-12-05 09:52:58'),
	(59, 278, 'Payment Confirmed', '2023-12-05 10:09:30'),
	(60, 279, 'Payment Confirmed', '2023-12-05 10:29:21'),
	(61, 280, 'Payment Confirmed', '2023-12-05 10:30:52'),
	(62, 281, 'Payment Confirmed', '2023-12-05 16:17:38'),
	(63, 282, 'Payment Confirmed', '2023-12-06 12:07:06'),
	(64, 283, 'Payment Confirmed', '2023-12-06 17:40:36'),
	(65, 284, 'Payment Confirmed', '2023-12-06 18:11:26'),
	(66, 285, 'Payment Confirmed', '2023-12-06 18:36:05'),
	(67, 286, 'Payment Confirmed', '2023-12-06 19:27:32'),
	(68, 287, 'Payment Confirmed', '2023-12-06 19:29:49'),
	(69, 288, 'Payment Confirmed', '2023-12-06 19:31:24'),
	(70, 289, 'Payment Confirmed', '2023-12-06 19:39:47'),
	(71, 290, 'Payment Confirmed', '2023-12-06 20:24:02'),
	(72, 291, 'Payment Confirmed', '2023-12-06 20:51:37'),
	(73, 292, 'Payment Confirmed', '2023-12-06 20:52:34'),
	(74, 293, 'Payment Confirmed', '2023-12-07 01:41:58'),
	(75, 294, 'Payment Confirmed', '2023-12-07 02:40:38'),
	(76, 295, 'Payment Confirmed', '2023-12-07 02:43:56'),
	(77, 296, 'Payment Confirmed', '2023-12-07 02:46:43'),
	(78, 297, 'Payment Confirmed', '2023-12-07 02:54:41'),
	(79, 298, 'Payment Confirmed', '2023-12-07 03:17:15'),
	(80, 299, 'Payment Confirmed', '2023-12-07 03:24:27'),
	(81, 300, 'Payment Confirmed', '2023-12-07 03:26:25'),
	(82, 301, 'Payment Confirmed', '2023-12-07 03:29:14'),
	(83, 302, 'Payment Confirmed', '2023-12-07 03:32:24'),
	(84, 303, 'Payment Confirmed', '2023-12-07 03:38:16'),
	(85, 304, 'Payment Confirmed', '2023-12-07 03:39:24'),
	(86, 305, 'Payment Confirmed', '2023-12-07 18:53:27'),
	(87, 306, 'Payment Confirmed', '2023-12-09 16:28:40'),
	(88, 307, 'Payment Confirmed', '2023-12-09 16:30:10'),
	(89, 308, 'Payment Confirmed', '2023-12-09 16:42:41'),
	(90, 309, 'Payment Confirmed', '2023-12-09 16:44:09'),
	(91, 310, 'Payment Confirmed', '2023-12-09 22:22:25'),
	(92, 311, 'Payment Confirmed', '2023-12-09 22:47:19'),
	(93, 313, 'Payment Confirmed', '2023-12-11 05:09:27'),
	(94, 314, 'Payment Confirmed', '2023-12-11 06:00:13'),
	(95, 316, 'Payment Confirmed', '2023-12-12 04:51:38'),
	(96, 317, 'Payment Confirmed', '2023-12-12 05:05:12'),
	(97, 321, 'Payment Confirmed', '2023-12-12 06:19:53'),
	(98, 322, 'Payment Confirmed', '2023-12-12 06:21:34'),
	(99, 323, 'Payment Confirmed', '2023-12-12 06:23:17'),
	(100, 324, 'Payment Confirmed', '2023-12-12 06:25:50'),
	(101, 325, 'Payment Confirmed', '2023-12-12 06:30:22'),
	(102, 326, 'Payment Confirmed', '2023-12-12 06:36:50'),
	(103, 327, 'Payment Confirmed', '2023-12-12 06:38:46'),
	(104, 330, 'Payment Confirmed', '2023-12-12 07:34:17'),
	(105, 331, 'Payment Confirmed', '2023-12-12 07:35:37'),
	(106, 332, 'Payment Confirmed', '2023-12-15 00:47:27'),
	(107, 334, 'Payment Confirmed', '2023-12-16 18:40:13'),
	(108, 335, 'Payment Confirmed', '2023-12-17 18:01:26'),
	(109, 336, 'Payment Confirmed', '2023-12-17 18:05:09'),
	(110, 337, 'Payment Confirmed', '2023-12-17 18:53:30'),
	(111, 338, 'Payment Confirmed', '2023-12-17 18:54:37'),
	(112, 339, 'Payment Confirmed', '2023-12-18 02:34:34'),
	(113, 340, 'Payment Confirmed', '2023-12-18 04:07:20'),
	(114, 341, 'Payment Confirmed', '2023-12-22 14:33:44'),
	(115, 342, 'Payment Confirmed', '2023-12-30 16:21:52'),
	(116, 343, 'Payment Confirmed', '2024-01-02 23:51:32'),
	(117, 344, 'Payment Confirmed', '2024-01-02 23:52:50'),
	(118, 347, 'Payment Confirmed', '2024-01-08 00:17:25'),
	(119, 348, 'Payment Confirmed', '2024-01-08 00:30:27'),
	(120, 350, 'Payment Confirmed', '2024-01-08 00:44:42'),
	(121, 351, 'Payment Confirmed', '2024-01-08 00:49:39'),
	(122, 352, 'Payment Confirmed', '2024-01-08 00:51:04'),
	(123, 354, 'Payment Confirmed', '2024-01-08 17:54:09'),
	(124, 364, 'Payment Confirmed', '2024-01-08 20:56:09'),
	(125, 365, 'Payment Confirmed', '2024-01-08 20:56:45'),
	(126, 370, 'Payment Confirmed', '2024-01-08 22:23:25'),
	(127, 371, 'Payment Confirmed', '2024-01-11 17:55:16'),
	(128, 372, 'Payment Confirmed', '2024-01-11 18:11:29');

-- Listage de la structure de table projet. payment
CREATE TABLE IF NOT EXISTS `payment` (
  `id` int NOT NULL AUTO_INCREMENT,
  `order_id` int NOT NULL,
  `transaction_id` varchar(255) CHARACTER SET utf8mb4 COLLATE utf8mb4_unicode_ci DEFAULT NULL,
  `amount` decimal(10,2) NOT NULL,
  `payment_method` varchar(255) CHARACTER SET utf8mb4 COLLATE utf8mb4_unicode_ci NOT NULL,
  `status` varchar(255) CHARACTER SET utf8mb4 COLLATE utf8mb4_unicode_ci NOT NULL,
  `created_at` datetime NOT NULL COMMENT '(DC2Type:datetime_immutable)',
  PRIMARY KEY (`id`),
  KEY `IDX_6D28840D8D9F6D38` (`order_id`),
  CONSTRAINT `FK_6D28840D8D9F6D38` FOREIGN KEY (`order_id`) REFERENCES `order` (`id`)
) ENGINE=InnoDB AUTO_INCREMENT=223 DEFAULT CHARSET=utf8mb4 COLLATE=utf8mb4_unicode_ci;

-- Listage des données de la table projet.payment : ~121 rows (environ)
INSERT INTO `payment` (`id`, `order_id`, `transaction_id`, `amount`, `payment_method`, `status`, `created_at`) VALUES
	(101, 209, 'ch_3OEgFREONNRmxI8s0iu7rBSx', 10.00, 'carte de crédit', 'succeeded', '2023-11-20 23:47:22'),
	(102, 219, 'ch_3OEqrwEONNRmxI8s1syRku9m', 20.00, 'carte de crédit', 'succeeded', '2023-11-21 11:07:51'),
	(103, 220, 'ch_3OErYcEONNRmxI8s15fmlR92', 20.00, 'carte de crédit', 'succeeded', '2023-11-21 11:51:55'),
	(104, 221, 'ch_3OErapEONNRmxI8s1gmQdu7U', 10.00, 'carte de crédit', 'succeeded', '2023-11-21 11:54:12'),
	(105, 222, 'ch_3OEs0jEONNRmxI8s08ao8Vps', 10.00, 'carte de crédit', 'succeeded', '2023-11-21 12:20:58'),
	(106, 223, 'ch_3OEs2IEONNRmxI8s0EBv1ij8', 10.00, 'carte de crédit', 'succeeded', '2023-11-21 12:22:35'),
	(107, 224, 'ch_3OEsEUEONNRmxI8s0p1WtBHm', 10.00, 'carte de crédit', 'succeeded', '2023-11-21 12:35:12'),
	(108, 225, 'ch_3OEsFaEONNRmxI8s04Q2VaLu', 10.00, 'carte de crédit', 'succeeded', '2023-11-21 12:36:19'),
	(109, 226, 'ch_3OEtetEONNRmxI8s0hkNF5xX', 10.00, 'carte de crédit', 'succeeded', '2023-11-21 14:06:33'),
	(110, 227, 'ch_3OEtm5EONNRmxI8s1U3VPiYu', 10.00, 'carte de crédit', 'succeeded', '2023-11-21 14:13:58'),
	(111, 229, 'ch_3OEu4kEONNRmxI8s14LOoMgj', 10.00, 'carte de crédit', 'succeeded', '2023-11-21 14:33:15'),
	(112, 230, 'ch_3OEu5wEONNRmxI8s1tPYIjhq', 10.00, 'carte de crédit', 'succeeded', '2023-11-21 14:34:29'),
	(113, 231, 'ch_3OEuZzEONNRmxI8s0ZfTDWmg', 10.00, 'carte de crédit', 'succeeded', '2023-11-21 15:05:32'),
	(114, 236, 'ch_3OEuukEONNRmxI8s10V5RT0K', 10.00, 'carte de crédit', 'succeeded', '2023-11-21 15:27:00'),
	(115, 238, 'ch_3OEvBMEONNRmxI8s1Q4ePPVo', 349.97, 'carte de crédit', 'succeeded', '2023-11-21 15:44:09'),
	(116, 239, 'ch_3OEvFGEONNRmxI8s1N5eFyVR', 60.00, 'carte de crédit', 'succeeded', '2023-11-21 15:48:11'),
	(117, 241, 'ch_3OF2oaEONNRmxI8s1f0Z1wom', 20.00, 'carte de crédit', 'succeeded', '2023-11-21 23:53:11'),
	(118, 242, 'ch_3OFYUuEONNRmxI8s18s0jZkO', 10.00, 'carte de crédit', 'succeeded', '2023-11-23 09:42:58'),
	(119, 243, 'ch_3OFYXfEONNRmxI8s0XbkiXEc', 10.00, 'carte de crédit', 'succeeded', '2023-11-23 09:45:48'),
	(120, 245, 'ch_3OFYu3EONNRmxI8s0bba4MLP', 10.00, 'carte de crédit', 'succeeded', '2023-11-23 10:08:56'),
	(121, 246, 'ch_3OFYvbEONNRmxI8s00NJXwSF', 10.00, 'carte de crédit', 'succeeded', '2023-11-23 10:10:32'),
	(122, 247, 'ch_3OFZ0cEONNRmxI8s0MyyP6Gm', 10.00, 'carte de crédit', 'succeeded', '2023-11-23 10:15:43'),
	(123, 248, 'ch_3OFZ3DEONNRmxI8s1Bv0myKj', 10.00, 'carte de crédit', 'succeeded', '2023-11-23 10:18:24'),
	(124, 249, 'ch_3OFZ4fEONNRmxI8s1spGcXLR', 10.00, 'carte de crédit', 'succeeded', '2023-11-23 10:19:54'),
	(125, 250, 'ch_3OFZGjEONNRmxI8s047fdBkT', 10.00, 'carte de crédit', 'succeeded', '2023-11-23 10:32:22'),
	(126, 253, 'ch_3OFastEONNRmxI8s0Q5Y25bq', 20.00, 'carte de crédit', 'succeeded', '2023-11-23 12:15:53'),
	(127, 254, 'ch_3OFcDOEONNRmxI8s1TcxEYvr', 10.00, 'carte de crédit', 'succeeded', '2023-11-23 13:41:07'),
	(128, 255, 'ch_3OFdGrEONNRmxI8s00TQB3dG', 60.00, 'carte de crédit', 'succeeded', '2023-11-23 14:48:46'),
	(129, 256, 'ch_3OFdxeEONNRmxI8s1Q4xLq7P', 10.00, 'carte de crédit', 'succeeded', '2023-11-23 15:32:59'),
	(130, 257, 'ch_3OFe8aEONNRmxI8s07QX8c19', 10.00, 'carte de crédit', 'succeeded', '2023-11-23 15:44:17'),
	(131, 258, 'ch_3OFfpAEONNRmxI8s1ieuwooo', 10.00, 'carte de crédit', 'succeeded', '2023-11-23 17:32:21'),
	(132, 259, 'ch_3OFoQKEONNRmxI8s0KXKNAb5', 10.00, 'carte de crédit', 'succeeded', '2023-11-24 02:43:18'),
	(133, 260, 'ch_3OGpwlEONNRmxI8s0TEAciVJ', 10.00, 'carte de crédit', 'succeeded', '2023-11-26 22:33:01'),
	(134, 261, 'ch_3OGsRNEONNRmxI8s0sB77VtV', 10.00, 'carte de crédit', 'succeeded', '2023-11-27 01:12:46'),
	(135, 262, 'ch_3OH4ehEONNRmxI8s14EmQtbr', 10.00, 'carte de crédit', 'succeeded', '2023-11-27 14:15:21'),
	(136, 263, 'ch_3OH7myEONNRmxI8s0Nmagn8C', 10.00, 'carte de crédit', 'succeeded', '2023-11-27 17:36:06'),
	(137, 264, 'ch_3OHQaIEONNRmxI8s0v6V60Ur', 20.00, 'carte de crédit', 'succeeded', '2023-11-28 13:40:16'),
	(138, 265, 'ch_3OHQkREONNRmxI8s0rFUKs4y', 60.00, 'carte de crédit', 'succeeded', '2023-11-28 13:50:44'),
	(139, 266, 'ch_3OHWsmEONNRmxI8s1PXN8d3v', 11.00, 'carte de crédit', 'succeeded', '2023-11-28 20:23:46'),
	(140, 267, 'ch_3OHmmnEONNRmxI8s1mPr2IBL', 12.00, 'carte de crédit', 'succeeded', '2023-11-29 13:22:39'),
	(141, 268, 'ch_3OHngIEONNRmxI8s0wBvlv1O', 12.00, 'carte de crédit', 'succeeded', '2023-11-29 14:19:59'),
	(142, 269, 'ch_3OHoXLEONNRmxI8s1eDhdoDo', 25.00, 'carte de crédit', 'succeeded', '2023-11-29 15:14:47'),
	(143, 269, 'ch_3OHocjEONNRmxI8s1Lb1MDs8', 25.00, 'carte de crédit', 'succeeded', '2023-11-29 15:20:22'),
	(144, 269, 'ch_3OHoexEONNRmxI8s1eBP71WU', 25.00, 'carte de crédit', 'succeeded', '2023-11-29 15:22:40'),
	(145, 270, 'ch_3OHoiZEONNRmxI8s0qdqjSzd', 39.00, 'carte de crédit', 'succeeded', '2023-11-29 15:26:23'),
	(146, 271, 'ch_3OIAH4EONNRmxI8s1MrVSyDh', 45.00, 'carte de crédit', 'succeeded', '2023-11-30 14:27:27'),
	(147, 272, 'ch_3OIAQiEONNRmxI8s1tttpvxD', 12.00, 'carte de crédit', 'succeeded', '2023-11-30 14:37:25'),
	(148, 273, 'ch_3OJ2zgEONNRmxI8s1EikDoPj', 24.00, 'carte de crédit', 'succeeded', '2023-12-03 00:53:10'),
	(149, 274, 'ch_3OJ3ujEONNRmxI8s03MDTW3V', 2.00, 'carte de crédit', 'succeeded', '2023-12-03 01:52:06'),
	(150, 275, 'ch_3OJ6OoEONNRmxI8s1FiYnXh2', 12.00, 'carte de crédit', 'succeeded', '2023-12-03 04:31:21'),
	(151, 276, 'ch_3OJ8BgEONNRmxI8s1QddfaLo', 14.00, 'carte de crédit', 'succeeded', '2023-12-03 06:25:53'),
	(152, 277, 'ch_3OJuNAEONNRmxI8s0dJztRwT', 5.00, 'carte de crédit', 'succeeded', '2023-12-05 09:52:58'),
	(153, 278, 'ch_3OJudBEONNRmxI8s1tTi9w4k', 12.00, 'carte de crédit', 'succeeded', '2023-12-05 10:09:30'),
	(154, 279, 'ch_3OJuwOEONNRmxI8s1NlcAsz6', 1.00, 'carte de crédit', 'succeeded', '2023-12-05 10:29:21'),
	(155, 280, 'ch_3OJuxrEONNRmxI8s0IGCj9i0', 48.71, 'carte de crédit', 'succeeded', '2023-12-05 10:30:52'),
	(156, 281, 'ch_3OK0NREONNRmxI8s1zV4xYcH', 15.00, 'carte de crédit', 'succeeded', '2023-12-05 16:17:38'),
	(157, 282, 'ch_3OKIwWEONNRmxI8s1LUdSnJO', 17.00, 'carte de crédit', 'succeeded', '2023-12-06 12:07:06'),
	(158, 283, 'ch_3OKO9HEONNRmxI8s0vUMc33b', 12.00, 'carte de crédit', 'succeeded', '2023-12-06 17:40:35'),
	(159, 284, 'ch_3OKOd7EONNRmxI8s1Et7BFQF', 2.00, 'carte de crédit', 'succeeded', '2023-12-06 18:11:26'),
	(160, 285, 'ch_3OKP0yEONNRmxI8s13NBFKsZ', 108.00, 'carte de crédit', 'succeeded', '2023-12-06 18:36:05'),
	(161, 286, 'ch_3OKPokEONNRmxI8s0Y3gxoBx', 412.00, 'carte de crédit', 'succeeded', '2023-12-06 19:27:32'),
	(162, 287, 'ch_3OKPqzEONNRmxI8s1HTLSBzl', 100.00, 'carte de crédit', 'succeeded', '2023-12-06 19:29:49'),
	(163, 288, 'ch_3OKPsWEONNRmxI8s064AQ7zB', 50.00, 'carte de crédit', 'succeeded', '2023-12-06 19:31:24'),
	(164, 289, 'ch_3OKQ0cEONNRmxI8s1IngMPpx', 10.00, 'carte de crédit', 'succeeded', '2023-12-06 19:39:47'),
	(165, 290, 'ch_3OKQhREONNRmxI8s1bQEmRmI', 6.00, 'carte de crédit', 'succeeded', '2023-12-06 20:24:02'),
	(166, 291, 'ch_3OKR88EONNRmxI8s03lAN4Yy', 2.00, 'carte de crédit', 'succeeded', '2023-12-06 20:51:37'),
	(167, 292, 'ch_3OKR93EONNRmxI8s1AhI4U2C', 4.00, 'carte de crédit', 'succeeded', '2023-12-06 20:52:34'),
	(168, 293, 'ch_3OKVf7EONNRmxI8s0XKru1DZ', 10.00, 'carte de crédit', 'succeeded', '2023-12-07 01:41:57'),
	(169, 294, 'ch_3OKWZtEONNRmxI8s0mF7y82o', 300.00, 'carte de crédit', 'succeeded', '2023-12-07 02:40:38'),
	(170, 295, 'ch_3OKWd5EONNRmxI8s1GrvX3Xo', 2.00, 'carte de crédit', 'succeeded', '2023-12-07 02:43:56'),
	(171, 296, 'ch_3OKWfmEONNRmxI8s1tSRjS7l', 500.00, 'carte de crédit', 'succeeded', '2023-12-07 02:46:43'),
	(172, 297, 'ch_3OKWnVEONNRmxI8s0iOwIpPN', 12.00, 'carte de crédit', 'succeeded', '2023-12-07 02:54:41'),
	(173, 298, 'ch_3OKX9KEONNRmxI8s0ZF6CeFf', 15.00, 'carte de crédit', 'succeeded', '2023-12-07 03:17:15'),
	(174, 299, 'ch_3OKXGIEONNRmxI8s1RihFJC4', 10.00, 'carte de crédit', 'succeeded', '2023-12-07 03:24:27'),
	(175, 300, 'ch_3OKXICEONNRmxI8s1j7ZoqXZ', 50.00, 'carte de crédit', 'succeeded', '2023-12-07 03:26:25'),
	(176, 301, 'ch_3OKXKvEONNRmxI8s0lA93iTH', 50.00, 'carte de crédit', 'succeeded', '2023-12-07 03:29:14'),
	(177, 302, 'ch_3OKXNzEONNRmxI8s0O53CnNI', 10.00, 'carte de crédit', 'succeeded', '2023-12-07 03:32:24'),
	(178, 303, 'ch_3OKXTfEONNRmxI8s0EAd2ThX', 10.00, 'carte de crédit', 'succeeded', '2023-12-07 03:38:16'),
	(179, 304, 'ch_3OKXUlEONNRmxI8s110F0NWO', 10.00, 'carte de crédit', 'succeeded', '2023-12-07 03:39:24'),
	(180, 305, 'ch_3OKllKEONNRmxI8s0V4GAqXP', 10.00, 'carte de crédit', 'succeeded', '2023-12-07 18:53:27'),
	(181, 306, 'ch_3OLSSIEONNRmxI8s0Omyemob', 11.00, 'carte de crédit', 'succeeded', '2023-12-09 16:28:40'),
	(182, 307, 'ch_3OLSTlEONNRmxI8s1ELHdTgg', 10.00, 'carte de crédit', 'succeeded', '2023-12-09 16:30:10'),
	(183, 308, 'ch_3OLSfqEONNRmxI8s0owOSId2', 11.00, 'carte de crédit', 'succeeded', '2023-12-09 16:42:41'),
	(184, 309, 'ch_3OLShIEONNRmxI8s0Lp4umEw', 10.00, 'carte de crédit', 'succeeded', '2023-12-09 16:44:09'),
	(185, 310, 'ch_3OLXydEONNRmxI8s06zLGkGL', 10.00, 'carte de crédit', 'succeeded', '2023-12-09 22:22:25'),
	(186, 311, 'ch_3OLYMkEONNRmxI8s12K3LzIS', 93.00, 'carte de crédit', 'succeeded', '2023-12-09 22:47:19'),
	(187, 313, 'ch_3OM0o5EONNRmxI8s0bSruoxa', 10.00, 'carte de crédit', 'succeeded', '2023-12-11 05:09:27'),
	(188, 314, 'ch_3OM1bEEONNRmxI8s1CPS8Tns', 10.00, 'carte de crédit', 'succeeded', '2023-12-11 06:00:13'),
	(189, 316, 'ch_3OMN0NEONNRmxI8s1bXR7JgX', 10.00, 'carte de crédit', 'succeeded', '2023-12-12 04:51:37'),
	(190, 317, 'ch_3OMNDXEONNRmxI8s0XpMnGIr', 11.00, 'carte de crédit', 'succeeded', '2023-12-12 05:05:12'),
	(191, 321, 'ch_3OMONoEONNRmxI8s0m6XsHCP', 44.00, 'carte de crédit', 'succeeded', '2023-12-12 06:19:52'),
	(192, 322, 'ch_3OMOPREONNRmxI8s0APGbm5s', 11.00, 'carte de crédit', 'succeeded', '2023-12-12 06:21:33'),
	(193, 323, 'ch_3OMOR7EONNRmxI8s0NGb7MUB', 11.00, 'carte de crédit', 'succeeded', '2023-12-12 06:23:17'),
	(194, 324, 'ch_3OMOTZEONNRmxI8s1C4zovg7', 11.00, 'carte de crédit', 'succeeded', '2023-12-12 06:25:50'),
	(195, 325, 'ch_3OMOXxEONNRmxI8s0ayogviX', 11.00, 'carte de crédit', 'succeeded', '2023-12-12 06:30:22'),
	(196, 326, 'ch_3OMOeDEONNRmxI8s1WgYHGsT', 22.00, 'carte de crédit', 'succeeded', '2023-12-12 06:36:50'),
	(197, 327, 'ch_3OMOg6EONNRmxI8s1OoXWm2B', 11.00, 'carte de crédit', 'succeeded', '2023-12-12 06:38:46'),
	(198, 330, 'ch_3OMPXoEONNRmxI8s1agNmhMO', 44.00, 'carte de crédit', 'succeeded', '2023-12-12 07:34:17'),
	(199, 331, 'ch_3OMPZ6EONNRmxI8s1sCWPIps', 11.00, 'carte de crédit', 'succeeded', '2023-12-12 07:35:37'),
	(200, 332, 'ch_3ONOciEONNRmxI8s0HGGuaEA', 11.00, 'carte de crédit', 'succeeded', '2023-12-15 00:47:27'),
	(201, 334, 'ch_3OO1qQEONNRmxI8s1suH8kCu', 5000.99, 'carte de crédit', 'succeeded', '2023-12-16 18:40:13'),
	(202, 335, 'ch_3OONiREONNRmxI8s0WujRF3H', 5000.99, 'carte de crédit', 'succeeded', '2023-12-17 18:01:26'),
	(203, 336, 'ch_3OONm4EONNRmxI8s1PAfX2Rv', 50.00, 'carte de crédit', 'succeeded', '2023-12-17 18:05:09'),
	(204, 337, 'ch_3OOOWrEONNRmxI8s1gP3Ei8e', 100.00, 'carte de crédit', 'succeeded', '2023-12-17 18:53:30'),
	(205, 338, 'ch_3OOOXwEONNRmxI8s0odK7RNf', 50.00, 'carte de crédit', 'succeeded', '2023-12-17 18:54:37'),
	(206, 339, 'ch_3OOVj1EONNRmxI8s15IYhSKU', 989898.99, 'carte de crédit', 'succeeded', '2023-12-18 02:34:34'),
	(207, 340, 'ch_3OOXApEONNRmxI8s0TvuxCzx', 100.00, 'carte de crédit', 'succeeded', '2023-12-18 04:07:20'),
	(208, 341, 'ch_3OQ8rAEONNRmxI8s1ayMkF1B', 10.00, 'Credit Card', 'succeeded', '2023-12-22 14:33:44'),
	(209, 342, 'ch_3OT4MDEONNRmxI8s0kzDF4dt', 10001.98, 'Credit Card', 'succeeded', '2023-12-30 16:21:52'),
	(210, 343, 'ch_3OUGo1EONNRmxI8s1Hu9BgFe', 15.00, 'Credit Card', 'succeeded', '2024-01-02 23:51:32'),
	(211, 344, 'ch_3OUGpJEONNRmxI8s1Dplyt0B', 15.00, 'Credit Card', 'succeeded', '2024-01-02 23:52:50'),
	(212, 347, 'ch_3OW5apEONNRmxI8s1ZnEkjBa', 5080.99, 'Credit Card', 'succeeded', '2024-01-08 00:17:25'),
	(213, 348, 'ch_3OW5nSEONNRmxI8s109GYo1e', 50.00, 'Credit Card', 'succeeded', '2024-01-08 00:30:27'),
	(214, 350, 'ch_3OW61FEONNRmxI8s0tJVhJ1W', 135.00, 'Credit Card', 'succeeded', '2024-01-08 00:44:42'),
	(215, 351, 'ch_3OW663EONNRmxI8s1mcw0nEl', 15.00, 'Credit Card', 'succeeded', '2024-01-08 00:49:39'),
	(216, 352, 'ch_3OW67PEONNRmxI8s1hJJRmIu', 8.99, 'Credit Card', 'succeeded', '2024-01-08 00:51:04'),
	(217, 354, 'ch_3OWM5TEONNRmxI8s1wqK4Wu8', 9.99, 'Credit Card', 'succeeded', '2024-01-08 17:54:09'),
	(218, 364, 'ch_3OWOvbEONNRmxI8s0rX5v17g', 109.99, 'Credit Card', 'succeeded', '2024-01-08 20:56:09'),
	(219, 365, 'ch_3OWOwDEONNRmxI8s1quI4Qpd', 50.00, 'Credit Card', 'succeeded', '2024-01-08 20:56:45'),
	(220, 370, 'ch_3OWQI4EONNRmxI8s1Sy9LOgw', 540.00, 'Credit Card', 'succeeded', '2024-01-08 22:23:25'),
	(221, 371, 'ch_3OXRXBEONNRmxI8s0FBtUigb', 30.00, 'Credit Card', 'succeeded', '2024-01-11 17:55:16'),
	(222, 372, 'ch_3OXRmuEONNRmxI8s1fhAIub3', 9.99, 'Credit Card', 'succeeded', '2024-01-11 18:11:29');

-- Listage de la structure de table projet. product
CREATE TABLE IF NOT EXISTS `product` (
  `id` int NOT NULL AUTO_INCREMENT,
  `user_id` int NOT NULL,
  `category_id` int NOT NULL,
  `name` varchar(255) CHARACTER SET utf8mb4 COLLATE utf8mb4_unicode_ci NOT NULL,
  `description` longtext CHARACTER SET utf8mb4 COLLATE utf8mb4_unicode_ci,
  `price` decimal(10,2) NOT NULL,
  `stock_quantity` int NOT NULL,
  `is_active` tinyint(1) NOT NULL,
  `image_url` varchar(255) CHARACTER SET utf8mb4 COLLATE utf8mb4_unicode_ci DEFAULT NULL,
  `created_at` datetime NOT NULL COMMENT '(DC2Type:datetime_immutable)',
  `updated_at` datetime NOT NULL COMMENT '(DC2Type:datetime_immutable)',
  PRIMARY KEY (`id`),
  UNIQUE KEY `UNIQ_D34A04AD5E237E06` (`name`),
  KEY `IDX_D34A04ADA76ED395` (`user_id`),
  KEY `IDX_D34A04AD12469DE2` (`category_id`),
  CONSTRAINT `FK_D34A04AD12469DE2` FOREIGN KEY (`category_id`) REFERENCES `category` (`id`),
  CONSTRAINT `FK_D34A04ADA76ED395` FOREIGN KEY (`user_id`) REFERENCES `user` (`id`)
) ENGINE=InnoDB AUTO_INCREMENT=199 DEFAULT CHARSET=utf8mb4 COLLATE=utf8mb4_unicode_ci;

-- Listage des données de la table projet.product : ~103 rows (environ)
INSERT INTO `product` (`id`, `user_id`, `category_id`, `name`, `description`, `price`, `stock_quantity`, `is_active`, `image_url`, `created_at`, `updated_at`) VALUES
	(70, 91, 1, '1er produit', 'Ceci est un produit fait par mes soins', 12.00, 9, 1, NULL, '2023-11-29 10:53:50', '2023-12-05 16:29:44'),
	(71, 91, 1, '2 eme produit', 'Ceci est un produit fait par mes soins', 1.00, 10, 1, NULL, '2023-11-29 10:54:11', '2023-12-05 16:29:37'),
	(72, 91, 1, '3eme produit', 'Ceci est un produit fait par mes soins', 1.00, 12, 1, NULL, '2023-11-29 10:55:11', '2023-12-05 19:51:33'),
	(73, 91, 1, '4eme produit', 'Ceci est un produit fait par mes soins', 1.00, 16, 1, NULL, '2023-11-29 10:58:10', '2023-12-05 12:43:43'),
	(74, 91, 1, '5eme produit', 'Ceci est un produit fait par mes soins', 1.00, 28, 1, NULL, '2023-11-29 10:59:45', '2023-12-05 12:46:06'),
	(75, 93, 1, 'produit 1', 'test de produuit', 2.00, 19, 1, NULL, '2023-11-29 11:14:03', '2023-12-05 12:17:49'),
	(76, 93, 1, 'produit 2', 'Ceci est un produit fait par mes soins', 1.00, 8, 1, NULL, '2023-11-29 11:14:33', '2023-12-05 16:17:38'),
	(77, 93, 1, 'produit 3', 'Ceci est un produit fait par mes soins', 1.00, 18, 1, NULL, '2023-11-29 11:15:07', '2023-12-05 16:17:38'),
	(78, 93, 1, 'produit 4', 'Ceci est un produit fait par mes soins', 5.00, 27, 1, NULL, '2023-11-29 11:15:51', '2023-12-06 19:39:47'),
	(80, 94, 1, 'Produit kaz 1', 'Ceci est un produit fait par mes soins', 1.00, 99, 1, NULL, '2023-11-30 14:51:37', '2023-12-05 10:30:52'),
	(81, 94, 1, 'Produit Kaz 2', 'Ceci est un produit extraordinaire mis en place par l\'utilisateur pour vous permettre d\'acheter des produits uniques.', 0.95, 19, 1, NULL, '2023-11-30 14:53:33', '2023-12-05 10:30:52'),
	(82, 94, 1, 'Produit Kaz 3', 'Ceci est un produit fait par mes soins', 25.76, 11, 1, NULL, '2023-11-30 15:01:44', '2023-12-05 10:30:52'),
	(83, 94, 1, 'Produit Kaz 4', 'Ceci est un produit fait par mes soins', 12.00, 13, 1, NULL, '2023-11-30 15:02:38', '2023-11-30 15:02:38'),
	(84, 94, 1, 'Produit Kaz', 'Ceci est un produit fait par mes soins', 123.00, 12, 1, NULL, '2023-11-30 15:03:00', '2023-11-30 15:03:00'),
	(85, 94, 1, 'e1za23ea1e3az', 'Ceci est un produit fait par mes soins', 1235.00, 156, 1, NULL, '2023-11-30 15:03:32', '2023-11-30 15:03:32'),
	(86, 94, 1, 'Produit 6', 'Ceci est un produit fait par mes soins', 123.00, 2, 1, NULL, '2023-11-30 15:09:56', '2023-11-30 15:09:56'),
	(87, 94, 1, 'Produit Artisinal 15', 'Ceci est un produit fait par mes soins', 10.20, 5, 1, NULL, '2023-11-30 18:04:47', '2023-11-30 18:05:20'),
	(88, 96, 1, 'Lobjet qui doit etre efface', 'Ceci est un produit fait par mes soins', 10.00, 1, 1, NULL, '2023-12-03 00:55:28', '2023-12-03 00:55:28'),
	(89, 96, 1, 'Lobjet 2 qui doit etre efface', 'Ceci est un produit fait par mes soins', 10.00, 1, 1, NULL, '2023-12-03 00:55:56', '2023-12-03 00:55:56'),
	(90, 97, 1, 'produit a supprimeeee', 'Ceci est un produit fait par mes soins', 100.00, 1, 1, NULL, '2023-12-03 01:10:23', '2023-12-04 20:06:40'),
	(91, 97, 1, 'Yasin', 'Ceci est un produit fait par mes soins', 0.01, 1, 1, NULL, '2023-12-03 01:10:48', '2023-12-04 20:07:43'),
	(92, 98, 1, 'Produit Artisinal 14', 'Ceci est un produit fait par mes soins', 10.00, 1, 1, NULL, '2023-12-03 01:17:20', '2023-12-03 01:17:20'),
	(93, 99, 1, 'Produit Artisinal 13', 'Ceci est un produit fait par mes soins', 10.00, 1, 1, NULL, '2023-12-03 01:26:22', '2023-12-03 01:26:22'),
	(94, 100, 1, 'Produit Artisinal 12', 'Ceci est un produit fait par mes soins', 10.00, 1, 1, NULL, '2023-12-03 01:36:57', '2023-12-03 01:36:57'),
	(109, 131, 1, 'Produit Artisinal 10', 'Ceci est un produit fait par mes soins', 10.00, 1, 1, NULL, '2023-12-05 11:55:29', '2023-12-05 11:55:29'),
	(115, 131, 1, 'Produit Artisinal 11', 'Ceci est un produit fait par mes soins', 1.00, 20, 1, NULL, '2023-12-05 12:15:29', '2023-12-05 12:15:29'),
	(116, 131, 1, 'Produit fait main 14', 'Ceci est un produit fait par mes soins', 1.00, 10, 1, NULL, '2023-12-05 12:45:21', '2023-12-05 12:45:21'),
	(118, 124, 1, 'Produit fait main 13', 'Ceci est un produit fait par mes soins', 4.00, 1, 1, NULL, '2023-12-05 16:45:42', '2023-12-05 16:45:42'),
	(119, 124, 1, 'Produit fait main 12', 'Ceci est un produit fait par mes soins', 1.00, 1, 1, NULL, '2023-12-05 18:43:57', '2023-12-05 18:43:57'),
	(120, 124, 1, 'Produit fait main 11', 'Ceci est un produit fait par mes soins', 1.00, 1, 1, NULL, '2023-12-05 18:44:06', '2023-12-05 18:44:06'),
	(121, 124, 1, 'Produit fait main 10', 'Ceci est un produit fait par mes soins', 1.00, 50, 1, NULL, '2023-12-05 18:44:15', '2023-12-06 12:07:07'),
	(122, 124, 1, 'Produit fait main 9', 'Ceci est un produit fait par mes soins', 12.00, 50, 1, NULL, '2023-12-05 18:44:22', '2023-12-06 12:07:07'),
	(123, 124, 1, 'Produit fait main 8', 'Ceci est un produit fait par mes soins', 1.00, 50, 1, NULL, '2023-12-05 18:44:33', '2023-12-06 12:07:07'),
	(124, 124, 1, 'Produit fait main 6', 'Ceci est un produit fait par mes soins', 1.00, 1, 0, NULL, '2023-12-05 18:44:42', '2023-12-05 18:44:42'),
	(125, 124, 1, 'Produit fait main 5', 'Ceci est un produit fait par mes soins', 1.00, 50, 0, NULL, '2023-12-05 18:44:48', '2023-12-06 12:07:07'),
	(127, 124, 1, 'Produit fait main 7', 'Ceci est un produit fait par mes soins', 1.00, 50, 0, NULL, '2023-12-05 18:45:29', '2023-12-06 12:12:40'),
	(128, 124, 1, 'tatata', 'Ceci est un produit fait par mes soins', 1.00, 50, 0, NULL, '2023-12-05 18:45:37', '2023-12-06 12:12:31'),
	(129, 124, 1, 'produit test 10', 'Ceci est un produit fait par mes soins', 1.00, 1, 0, NULL, '2023-12-05 18:45:43', '2023-12-05 18:45:43'),
	(130, 139, 1, 'kirae is product haha', 'je suis une belle femme', 0.00, 0, 0, NULL, '2023-12-05 20:25:04', '2023-12-16 18:44:07'),
	(131, 139, 1, 'acheter ce produitzzz', 'Ceci est un produit fait par mes soins', 0.00, 0, 0, NULL, '2023-12-05 20:25:37', '2023-12-16 18:44:07'),
	(132, 139, 2, 'category 1', 'Ceci est un produit fait par mes soins', 0.00, 50, 0, NULL, '2023-12-06 11:10:41', '2023-12-16 18:44:07'),
	(133, 139, 2, 'Produit test 9', 'Ceci est un produit fait par mes soins', 0.00, 50, 0, NULL, '2023-12-06 11:10:52', '2023-12-16 18:44:07'),
	(134, 139, 2, 'Produit test 5', 'Ceci est un produit fait par mes soins', 0.00, 50, 0, NULL, '2023-12-06 11:11:02', '2023-12-16 18:44:07'),
	(135, 139, 2, 'Produit incroyable !!', 'achete lui la', 0.00, 50, 0, NULL, '2023-12-06 11:11:13', '2023-12-16 18:44:07'),
	(139, 140, 1, 'Produit sans images', 'Ceci est un produit fait par mes soins', 0.00, 0, 0, NULL, '2023-12-06 16:46:57', '2023-12-11 06:01:07'),
	(140, 140, 1, 'Test sans image', 'Ceci est un produit fait par mes soins', 0.00, 0, 0, NULL, '2023-12-06 16:56:26', '2023-12-11 06:01:07'),
	(141, 140, 1, 'Test achat produit', 'Ceci est un produit fait par mes soins', 0.00, 0, 0, NULL, '2023-12-06 17:59:04', '2023-12-11 06:01:07'),
	(142, 139, 2, 'test pour vendre', 'test pour vendre un produit', 0.00, 50, 0, NULL, '2023-12-06 19:28:57', '2023-12-16 18:44:07'),
	(143, 143, 1, 'produit du roi', 'Ceci est un produit fait par mes soins', 500.00, 19, 0, NULL, '2023-12-07 02:45:30', '2023-12-07 02:46:43'),
	(144, 144, 1, 'Anonymized Product', 'This product has been anonymized.', 0.00, 19, 0, NULL, '2023-12-07 02:53:45', '2023-12-07 03:02:00'),
	(145, 145, 1, 'Produit du roi 4', 'Ceci est un produit fait par mes soins', 15.00, 19, 0, NULL, '2023-12-07 03:08:26', '2023-12-07 03:17:15'),
	(146, 147, 1, 'Produit reine 1', 'Ceci est un produit fait par mes soins', 10.00, 8, 0, NULL, '2023-12-07 03:22:25', '2023-12-09 22:47:19'),
	(147, 148, 1, 'produit reine 2', 'Ceci est un produit fait par mes soins', 0.00, 50, 0, NULL, '2023-12-07 03:25:28', '2023-12-15 03:40:02'),
	(148, 149, 1, 'produit reine 3', 'Ceci est un produit fait par mes soins', 0.00, 50, 0, NULL, '2023-12-07 03:29:44', '2023-12-15 03:34:44'),
	(149, 150, 1, 'reine 5', 'Ceci est un produit fait par mes soins', 10.00, 7, 0, NULL, '2023-12-07 03:31:15', '2023-12-07 18:53:27'),
	(150, 152, 1, 'Produit prince 1', 'Ceci est un produit fait par mes soins', 10.00, 50, 0, NULL, '2023-12-07 03:37:39', '2023-12-07 03:39:24'),
	(151, 152, 1, 'Produit fait main !!!!', 'Ceci est un produit fait par mes soins', 10.00, 50, 1, 'https://www.tourisme-vienne.com/wp-content/uploads/2023/09/pottery-1139047_1280.jpg', '2023-12-08 06:49:58', '2023-12-15 17:55:27'),
	(152, 152, 2, 'produit artisan wee', 'Ceci est un produit fait par mes soins', 11.00, 28, 1, 'https://www.tourisme-vienne.com/wp-content/uploads/2023/09/pottery-1139047_1280.jpg', '2023-12-08 06:50:36', '2023-12-15 00:47:28'),
	(153, 154, 1, 'Deleted5133', 'This product is deleted', 0.00, 49, 0, NULL, '2023-12-09 16:28:00', '2023-12-09 22:47:19'),
	(154, 156, 1, 'produit de testvente2', 'Ceci est un produit fait par mes soins', 0.00, 50, 0, NULL, '2023-12-09 16:39:51', '2023-12-09 20:21:50'),
	(155, 157, 1, 'produit de testachat2', 'Ceci est un produit fait par mes soins', 0.00, 50, 0, NULL, '2023-12-09 20:23:21', '2023-12-09 22:47:44'),
	(156, 157, 2, 'Les Artisans', 'Les mangoles etc sont des maladeuuuuh', 0.00, 50, 0, '/uploads/products/Cbj9ToMUUAAJ3DJ-6574d9bbf0a63.jpg', '2023-12-09 21:52:35', '2023-12-10 15:23:08'),
	(157, 157, 1, 'ajout de produit sans image', 'okzaeoakeozakezoa kezao', 0.00, 50, 0, '/images/default-image.jpg', '2023-12-09 21:56:42', '2023-12-09 22:47:44'),
	(158, 157, 2, 'Nouvelles image dernier test', 'Ceci est une description modéré balblabla', 0.00, 50, 0, '/uploads/products/3-6574dadbdaa3d.png', '2023-12-09 22:19:50', '2023-12-10 00:32:15'),
	(159, 157, 3, 'Nouveau produit de demo', 'Ceci est une démonstration pour une personne qui est assise à côté de moi !', 0.00, 50, 0, '/uploads/products/Kaz-final-fantasy-style-image-inside-a-cercle-time-form-circle-27810d5c-f031-498a-a539-3a4c9e3a0df2-6574db3f64322.png', '2023-12-09 22:25:19', '2023-12-10 23:23:04'),
	(160, 158, 3, 'eza ezae a ezaea', 'Ceci est un produit fait par mes soins', 0.00, 50, 0, '/uploads/products/312-6574ed2d18ecf.png', '2023-12-09 23:41:49', '2023-12-18 04:08:27'),
	(161, 140, 3, 'test detoile review', 'Ceci est un produit fait par mes soins', 0.00, 50, 0, '/uploads/products/Overlord-final-fantasy-style-image-inside-a-cercle-time-form-ci-82c0abbe-9b4a-4986-a84b-ecab86e8c326-6575ac700f89b.png', '2023-12-10 13:17:52', '2023-12-11 06:01:07'),
	(162, 140, 2, 'Peinture perso', 'Ceci est un produit fait par mes soins', 0.00, 50, 0, '/uploads/products/croquis-random-65761aec48d7e.png', '2023-12-10 21:09:16', '2023-12-11 06:01:07'),
	(163, 140, 3, 'Peinture a huile', 'Descript pour la peinture à l\'huile', 0.00, 50, 0, '/uploads/products/66959160-2967750190116120-1704843665639211008-n-1-65761b3999226.jpg', '2023-12-10 21:10:33', '2023-12-11 06:01:07'),
	(164, 159, 3, 'Test de produit 55', 'Ceci est un produit fait par mes soins', 0.00, 50, 0, '/uploads/products/6162817238078112-65768b46de107.jpg', '2023-12-11 05:08:38', '2023-12-18 09:08:30'),
	(166, 163, 2, 'Le produit de Fasen', 'Ceci est un produit spectaculaire fait par les mains du grand Fasen', 0.00, 50, 0, '/uploads/products/Cbj9ToMUUAAJ3DJ-657b916b9ac0f.jpg', '2023-12-15 00:36:11', '2023-12-15 01:13:30'),
	(167, 163, 2, 'Deuxieme produit de Fasen', 'Encore un produit spectaculaire !', 0.00, 50, 0, '/uploads/products/35752-albert-bierstadt-1830-1902-657b91940f680.jpg', '2023-12-15 00:36:52', '2023-12-15 01:13:30'),
	(168, 163, 1, 'Produit fait maison!!!!!!!', 'Ceci est un produit fait par mes soins', 0.00, 0, 0, '/images/default-image.jpg', '2023-12-15 00:37:29', '2023-12-15 01:13:30'),
	(169, 152, 1, 'Produit artisanal !', 'Description complète, je n\'ai jamais écrit un truc aussi long, je n\'ai jamais écrit un truc aussi long, je n\'ai jamais écrit un truc aussi long, je n\'ai jamais écrit un truc aussi long, je n\'ai jamais écrit un truc aussi long, je n\'ai jamais écrit un truc aussi long, je n\'ai jamais écrit un truc aussi long,je n\'ai jamais écrit un truc aussi long', 50.00, 10, 1, '/uploads/products/pngtree-man-wearing-glasses-is-wearing-colorful-background-image-2905240-657b9750c33c9.jpg', '2023-12-15 01:01:20', '2024-01-11 17:31:18'),
	(170, 147, 4, 'Petite statuette', 'Cette statuette as une histoire', 45.98, 2, 1, '/uploads/products/45-21-1-faucon-profil2-657c59b72cf31.webp', '2023-12-15 14:50:47', '2023-12-15 17:59:29'),
	(171, 147, 13, 'Boudha fait main', 'Ce boudha m\'a été légué par mon arrière grand-père, ancien artisan, je vous laisse vous en saisir les amis.', 280.00, 1, 1, '/uploads/products/511EEynt6cL-657c5a0f99d4e.jpg', '2023-12-15 14:52:15', '2023-12-18 08:44:32'),
	(172, 147, 4, 'Poterie fait maison', 'Je vend mes poteries fait maison', 20.00, 50, 1, '/uploads/products/6026ab0a-3140-4dde-a3f3-60d8478302cf-657c5a540030c.webp', '2023-12-15 14:53:24', '2024-01-11 18:08:19'),
	(173, 147, 5, 'Bague en or', 'Une bague en or c\'est toi qui sort ! Plus sérieusement, c\'est l\'une de mes plus belles réussite.', 950.00, 1, 1, '/uploads/products/140923-154052-PW-V2b6er2R-657c5a840487b.jpg', '2023-12-15 14:54:12', '2024-01-11 18:08:19'),
	(174, 145, 4, 'Lampadaires', 'Produit réalisé par mes soins', 5000.99, 47, 1, '/uploads/products/l-artisanat-marocain-2-657ddfc3a7c34.jpg', '2023-12-16 18:34:41', '2024-01-11 17:43:00'),
	(175, 161, 4, 'Produit fait maison !!!!!!', 'Ceci est un produit fait par mes soins', 50.00, 499, 1, '/uploads/products/312-657f2580d7122.png', '2023-12-17 17:44:48', '2024-01-11 17:44:23'),
	(176, 167, 2, 'a acccccheter', 'Ceci est un produit fait par mes soins', 0.00, 50, 0, '/uploads/products/bague-elastique-et-argent-925-enchantee-657f29e0e1d45.jpg', '2023-12-17 18:03:19', '2023-12-17 18:55:35'),
	(177, 172, 3, 'Produit fait maison!!!!', 'Ceci est un produit fait par mes soins', 0.00, 50, 0, '/uploads/products/images-657f35aa068af.jpg', '2023-12-17 18:53:46', '2023-12-17 18:57:59'),
	(178, 168, 4, 'Produit fait maison!!!!!', 'Ceci est un produit fait par mes soins', 0.00, 50, 0, '/uploads/products/IMG1146jpg-6440d9eab4b4d2-68708567-657f90ab23243.jpg', '2023-12-18 01:22:03', '2023-12-18 02:35:53'),
	(179, 165, 2, 'Bravo bravo', 'Ceci est un produit fait par mes soins', 50.00, 9, 1, '/uploads/products/H08489df2f5b84569a7807552dd38b31ei-jpg-640x640Q90-jpg-657fa96cd62c1.jpg', '2023-12-18 03:07:40', '2024-01-08 00:17:27'),
	(180, 165, 1, 'Produit fait maison', 'Ceci est un produit fait par mes soins', 50.00, 9, 1, '/uploads/products/IMG-5277-ok-600x629-657fab91a854d.jpg', '2023-12-18 03:16:49', '2023-12-18 23:29:01'),
	(181, 159, 4, 'Produit fait maison!', 'Ceci est un produit fait par mes soins', 0.00, 50, 0, '/uploads/products/photophore-voie-lactee-grand-modele-657ffd48a65e8.jpg', '2023-12-18 09:05:28', '2023-12-18 09:08:30'),
	(182, 175, 4, 'Produit fait maison!!!', 'Ceci est un produit fait par mes soins', 10.00, 8, 1, '/images/default-image.jpg', '2023-12-18 22:59:23', '2024-01-08 00:17:27'),
	(183, 175, 5, 'Poterie', 'Ceci est un produit fait par mes soins', 10.00, 9, 1, '/images/default-image.jpg', '2023-12-19 00:00:40', '2024-01-08 00:17:27'),
	(184, 175, 12, 'Chaussures originales', 'Ceci est un produit fait par mes soins', 10.00, 500, 1, '/images/default-image.jpg', '2023-12-19 00:00:51', '2024-01-08 00:31:41'),
	(185, 176, 2, 'Verre raffiné', 'Vend mes verres raffinés', 50.00, 10, 1, '/uploads/products/view-659033b806aa6.jpg', '2023-12-30 16:14:00', '2024-01-11 18:08:06'),
	(186, 176, 5, 'Bijoux fait maison', 'Je vend des bracelets fait maison à base de ..', 50.00, 60, 1, '/uploads/products/20211007-091101-scaled-6591af9f8a230.jpg', '2023-12-31 19:14:55', '2024-01-11 17:43:57'),
	(187, 176, 5, 'Bagues heritage famille', 'Je lègue mes précieuses bagues fait par mon arrière grand père', 660.00, 3, 1, '/uploads/products/bijoux-heritage-famille-vente-rachat-valuae-1024x684-6591afef41628.jpg', '2023-12-31 19:16:00', '2024-01-11 17:43:36'),
	(188, 176, 6, 'Sac en cuir', 'Je vends tout types de sac en cuir, la qualité est de rendez-vous !', 120.00, 11, 1, '/uploads/products/1520182729480-6591b01a972b8.jpg', '2023-12-31 19:16:58', '2024-01-08 00:44:42'),
	(189, 176, 1, 'Panier fait maison', 'Je vend mes panier fait maison pour la modique somme de 15€ !', 15.00, 26, 1, '/uploads/products/jsn66uPa-TJooeHnXRV7YsX-cUc-6591b04a97688.jpg', '2023-12-31 19:17:46', '2024-01-08 00:49:39'),
	(190, 177, 4, 'zea zeaz eaz ae', 'Ceci est un produit fait par mes soins', 0.00, 0, 0, '/uploads/products/45-21-1-faucon-profil2-659493559be41.webp', '2024-01-02 23:51:01', '2024-01-02 23:51:42'),
	(191, 179, 5, 'Bracelet en Or', 'Ce bijoux a été fabriqué avec une finission de haute qualité, nous avons élaboré moi et mon équipe un maquettage avant de la façonner !', 0.00, 0, 0, '/uploads/products/bracelets-perles-couleur-bykloe-bijoux-659b36eeaa276.jpg', '2024-01-08 00:42:38', '2024-01-08 00:51:42'),
	(192, 179, 5, 'Divers Bracelets', 'Des bracelets en céramique fait main, le prix est complètement abordable !', 0.00, 0, 0, '/uploads/products/conseil-et-idees-bijoux-homme-1-1440x960-659b371c53640.jpg', '2024-01-08 00:43:24', '2024-01-08 00:51:42'),
	(193, 180, 5, 'Divers Bracelet en Or', 'Ce bracelet a subit une transformation radicale, suivis minitieusement en plusieurs étape d\'un maquettage crée par nos soins.', 79.99, 80, 1, '/uploads/products/bracelets-perles-couleur-bykloe-bijoux-659b39aa8a2de.jpg', '2024-01-08 00:54:12', '2024-01-08 00:54:18'),
	(194, 180, 5, 'Montre en Cuir', 'Je proposes des offres divers et variés pour différentes montre, je vend celui-ci pour une modique somme !', 50.00, 87, 1, '/uploads/products/conseil-et-idees-bijoux-homme-1-1440x960-659b39d0c7635.jpg', '2024-01-08 00:54:56', '2024-01-08 21:48:12'),
	(195, 180, 6, 'Bougies parfumees', 'Je vends différentes bougies parfumés, cacis, pomme, lavande..', 9.99, 77, 1, '/uploads/products/artisanat-1-1-659b3a13e263a.jpg', '2024-01-08 00:55:49', '2024-01-11 18:11:29'),
	(196, 181, 2, 'Peinture aquarelle/huile', 'Vend ma petite peinture personnalisé en aquarelle et huile', 0.00, 0, 0, '/uploads/products/Collection-GRANDES-CARTES-tableaux-emailles-ref-PC03-410x-659c5f5454eeb.webp', '2024-01-08 21:41:54', '2024-01-08 22:24:15'),
	(197, 182, 6, 'Bracelet en Argent', 'Ceci est un bracelet de haute qualité !', 0.00, 0, 0, '/uploads/products/bague-elastique-et-argent-925-enchantee-65a01d1a882dd.jpg', '2024-01-11 17:53:46', '2024-01-11 18:13:03'),
	(198, 182, 1, 'Poteries a vendre', 'Plusieurs poteries à vendre', 0.00, 0, 0, '/uploads/products/images-65a01d45375a6.jpg', '2024-01-11 17:54:29', '2024-01-11 18:13:03');

-- Listage de la structure de table projet. review
CREATE TABLE IF NOT EXISTS `review` (
  `id` int NOT NULL AUTO_INCREMENT,
  `product_id` int NOT NULL,
  `user_id` int NOT NULL,
  `title` varchar(255) CHARACTER SET utf8mb4 COLLATE utf8mb4_unicode_ci DEFAULT NULL,
  `rating` int NOT NULL,
  `comment` longtext CHARACTER SET utf8mb4 COLLATE utf8mb4_unicode_ci,
  `created_at` datetime NOT NULL COMMENT '(DC2Type:datetime_immutable)',
  PRIMARY KEY (`id`),
  KEY `IDX_794381C64584665A` (`product_id`),
  KEY `IDX_794381C6A76ED395` (`user_id`),
  CONSTRAINT `FK_794381C64584665A` FOREIGN KEY (`product_id`) REFERENCES `product` (`id`),
  CONSTRAINT `FK_794381C6A76ED395` FOREIGN KEY (`user_id`) REFERENCES `user` (`id`)
) ENGINE=InnoDB AUTO_INCREMENT=85 DEFAULT CHARSET=utf8mb4 COLLATE=utf8mb4_unicode_ci;

-- Listage des données de la table projet.review : ~52 rows (environ)
INSERT INTO `review` (`id`, `product_id`, `user_id`, `title`, `rating`, `comment`, `created_at`) VALUES
	(2, 153, 157, 'Anonymized Review', 2, 'This review has been anonymized.', '2023-12-09 17:37:51'),
	(3, 153, 157, 'Anonymized Review', 2, 'This review has been anonymized.', '2023-12-09 17:54:46'),
	(5, 153, 157, 'Anonymized Review', 5, 'This review has been anonymized.', '2023-12-09 18:50:08'),
	(6, 153, 157, 'Anonymized Review', 1, 'This review has been anonymized.', '2023-12-09 18:52:56'),
	(7, 153, 157, 'Anonymized Review', 1, 'This review has been anonymized.', '2023-12-09 18:53:07'),
	(8, 153, 157, 'Anonymized Review', 4, 'This review has been anonymized.', '2023-12-09 19:01:10'),
	(9, 153, 157, 'Anonymized Review', 1, 'This review has been anonymized.', '2023-12-09 19:17:31'),
	(11, 153, 157, 'Anonymized Review', 2, 'This review has been anonymized.', '2023-12-09 19:28:59'),
	(12, 153, 157, 'Anonymized Review', 3, 'This review has been anonymized.', '2023-12-09 19:34:32'),
	(13, 153, 157, 'Anonymized Review', 2, 'This review has been anonymized.', '2023-12-09 19:42:32'),
	(14, 154, 157, 'Anonymized Review', 4, 'This review has been anonymized.', '2023-12-09 20:21:50'),
	(15, 152, 157, 'Anonymized Review', 5, 'This review has been anonymized.', '2023-12-09 20:31:41'),
	(16, 147, 157, 'Anonymized Review', 1, 'This review has been anonymized.', '2023-12-09 22:26:15'),
	(17, 159, 158, 'Merci encore', 4, 'Incroyable !', '2023-12-09 23:02:33'),
	(19, 152, 158, 'Produit cassé', 1, 'C\'est vraiment nul ! Produit complètement cassé !', '2023-12-10 00:47:53'),
	(25, 160, 140, 'Anonymized Review', 5, 'This review has been anonymized.', '2023-12-10 13:16:26'),
	(26, 159, 140, 'Anonymized Review', 5, 'This review has been anonymized.', '2023-12-10 13:17:12'),
	(27, 160, 159, 'Objet cassé', 1, 'L\'objet a totalement été détruit lors de la réception, je ne le pensait pas aussi fragile !', '2023-12-10 23:50:47'),
	(32, 152, 161, 'Ce n\'est pas ce que j\'espérais', 5, 'Je m\'attendais à mieux pour être honnête', '2023-12-15 00:25:22'),
	(34, 160, 163, 'Objet non arrivé', 1, 'Je n\'ai rien reçu !', '2023-12-15 01:13:16'),
	(35, 160, 164, 'TEST IMAGE', 4, 'BRAVO', '2023-12-15 01:16:21'),
	(36, 169, 158, 'M\'ouais', 3, 'Dans l\'ensemble, satisfait.', '2023-12-15 03:04:14'),
	(37, 160, 149, 'Pas mal !', 3, 'Très bon produit, je le recommande', '2023-12-15 03:34:09'),
	(38, 169, 148, 'Excellent !', 5, 'Excellente qualité, merci !', '2023-12-15 03:39:06'),
	(46, 160, 147, 'C\'est trop bien', 5, 'Merci !', '2023-12-15 17:17:12'),
	(47, 160, 145, 'objet retrouvé', 5, 'finalement c pas trop mal', '2023-12-15 21:27:03'),
	(48, 169, 147, 'Not received', 1, 'I did not receveid my order', '2023-12-16 14:06:58'),
	(49, 174, 139, 'Nul !', 1, 'Pour son prix je m\'attendais vraiment à quelque chose d\'incroyable, je ne dit pas que c\'est de mauvaise qualité mais 5000€ pour ça .. !', '2023-12-16 18:42:44'),
	(54, 174, 161, 'TROP BIEN', 5, 'La qualité est incroyable, la finission également, l\'éclairage est au top est n\'est pas là juste pour faire "joli" !', '2023-12-17 17:58:12'),
	(55, 169, 161, 'Incroyable !', 5, 'Incroyable produit !', '2023-12-17 17:58:25'),
	(56, 174, 167, 'Pas mal !', 4, 'Super produit je recommande', '2023-12-17 18:00:42'),
	(57, 175, 167, '', 2, '', '2023-12-17 18:03:53'),
	(58, 176, 172, 'ça va', 4, 'pas mal', '2023-12-17 18:52:43'),
	(59, 173, 167, 'Produit génial', 5, 'Merci pour ce produit', '2023-12-17 18:55:19'),
	(60, 160, 168, 'tatataatattatatat', 5, 'zaeaze', '2023-12-17 23:48:31'),
	(61, 175, 168, 'tatataatattazzztatat', 1, 'zaeazezz', '2023-12-17 23:49:27'),
	(62, 172, 168, 'Il est pourrit', 5, 'yhaqgaz', '2023-12-18 00:08:31'),
	(63, 173, 168, '', 2, '', '2023-12-18 00:12:13'),
	(66, 174, 168, 'Meilleur produit !', 5, 'Le produit est incroyable ! Je n\'ai jamais acheté quelque chose d\'aussi cher mais ça en valait le coup, mes amis adorent également et voudrait en acheter également !', '2023-12-18 01:59:17'),
	(67, 171, 168, NULL, 3, NULL, '2023-12-18 02:32:04'),
	(68, 179, 158, 'Pas mal merci beaucoup !', 2, ':)))', '2023-12-18 03:52:25'),
	(69, 175, 158, 'Excellent produit', 5, 'Merci pour ce chef d\'oeuvre.', '2023-12-18 04:04:39'),
	(70, 180, 158, 'Produit 5/5', 5, 'Très bon produit, je le recommande personnellement !', '2023-12-18 04:08:11'),
	(71, 171, 159, NULL, 1, NULL, '2023-12-18 08:44:32'),
	(72, 179, 159, NULL, 1, NULL, '2023-12-18 08:44:42'),
	(73, 180, 159, 'Produit dérivé !!!!', 1, 'Ce produit n\'est pas authentique !!', '2023-12-18 09:07:25'),
	(74, 175, 175, 'Jamais arrivé', 2, 'Je n\'ai pas reçu mon produit !', '2023-12-18 22:43:26'),
	(76, 180, 175, 'Excellent !', 3, 'Merci pour le produit :)', '2023-12-18 23:29:01'),
	(77, 175, 165, NULL, 1, NULL, '2023-12-22 14:40:20'),
	(78, 175, 176, 'TROP BIEN', 5, 'PAS TANT QUE CA EN FAIT', '2023-12-30 16:14:51'),
	(80, 189, 178, 'Produit de qualité !', 4, 'Je l\'ai acheté ce matin, rien à dire, pas déçu pour son prix.', '2024-01-02 23:53:13'),
	(82, 179, 176, 'Pas mal !', 4, 'Ce n\'est vraiment pas mal', '2024-01-07 23:39:31');

-- Listage de la structure de table projet. user
CREATE TABLE IF NOT EXISTS `user` (
  `id` int NOT NULL AUTO_INCREMENT,
  `username` varchar(255) CHARACTER SET utf8mb4 COLLATE utf8mb4_unicode_ci NOT NULL,
  `password` varchar(255) CHARACTER SET utf8mb4 COLLATE utf8mb4_unicode_ci NOT NULL,
  `email` varchar(255) CHARACTER SET utf8mb4 COLLATE utf8mb4_unicode_ci NOT NULL,
  `role` varchar(255) CHARACTER SET utf8mb4 COLLATE utf8mb4_unicode_ci NOT NULL,
  `last_login` datetime DEFAULT NULL COMMENT '(DC2Type:datetime_immutable)',
  `profile_picture` varchar(255) CHARACTER SET utf8mb4 COLLATE utf8mb4_unicode_ci DEFAULT NULL,
  `created_at` datetime DEFAULT NULL COMMENT '(DC2Type:datetime_immutable)',
  `updated_at` datetime NOT NULL COMMENT '(DC2Type:datetime_immutable)',
  `default_billing_address_id` int DEFAULT NULL,
  `default_delivery_address_id` int DEFAULT NULL,
  `confirmation_token` varchar(255) COLLATE utf8mb4_unicode_ci DEFAULT NULL,
  `is_activated` tinyint(1) NOT NULL,
  `confirmation_token_expires_at` datetime DEFAULT NULL,
  PRIMARY KEY (`id`),
  KEY `IDX_8D93D6491995CE08` (`default_billing_address_id`),
  KEY `IDX_8D93D649422ED30C` (`default_delivery_address_id`),
  CONSTRAINT `FK_8D93D6491995CE08` FOREIGN KEY (`default_billing_address_id`) REFERENCES `adress` (`id`),
  CONSTRAINT `FK_8D93D649422ED30C` FOREIGN KEY (`default_delivery_address_id`) REFERENCES `adress` (`id`)
) ENGINE=InnoDB AUTO_INCREMENT=183 DEFAULT CHARSET=utf8mb4 COLLATE=utf8mb4_unicode_ci;

-- Listage des données de la table projet.user : ~175 rows (environ)
INSERT INTO `user` (`id`, `username`, `password`, `email`, `role`, `last_login`, `profile_picture`, `created_at`, `updated_at`, `default_billing_address_id`, `default_delivery_address_id`, `confirmation_token`, `is_activated`, `confirmation_token_expires_at`) VALUES
	(1, 'test', 'test', 'test@gmail.com', 'artisan', '2023-10-26 19:52:20', NULL, '2023-10-26 19:52:27', '2023-10-26 19:52:28', NULL, NULL, NULL, 0, NULL),
	(2, 'test2', '$2y$04$KqV8VeUKXpaE0ed1tjstrOAHPy2rE3dbDm.WRBnJV4LxI12oaFigi', 'test2@gmail.com', 'artisan', NULL, NULL, '2023-10-28 00:31:50', '2023-10-28 00:31:50', NULL, NULL, NULL, 0, NULL),
	(3, 'test2', '$2y$04$5D092agu2OwviecglGIUsuGfeNZX9S3gO7p9u1Xa0cjafoXoY9mN2', 'test2@gmail.com', 'artisan', NULL, NULL, '2023-10-28 00:54:42', '2023-10-28 00:54:42', NULL, NULL, NULL, 0, NULL),
	(4, 'test3', '$2y$04$rBBsBvdzfce8keK6wB1KV.69dianve5pGEzVuzOYzvobrzpl4LiCe', 'test3@gmail.com', 'artisan', NULL, NULL, '2023-10-28 00:55:06', '2023-10-28 00:55:06', NULL, NULL, NULL, 0, NULL),
	(5, 'test4', '$2y$04$gZ.m8hLowM0a5X4K8I3av.ZY.RH9VzrGzEsmoLnU/O9UaACpjoBFS', 'test4@gmail.com', 'artisan', NULL, NULL, '2023-10-28 01:00:40', '2023-10-28 01:00:40', NULL, NULL, NULL, 0, NULL),
	(6, 'test5', '$2y$04$ckiE7zP9xB5S4vCYUqKh.eIGD6ZqRihkHWT41LQd0I8s2CIuNP8o2', 'test5@gmail.com', 'artisan', NULL, NULL, '2023-10-28 01:04:27', '2023-10-28 01:04:27', NULL, NULL, NULL, 0, NULL),
	(7, 'test12', '$2y$04$qaehUARpeRs35bZrJlOH9.cJjKKtkY1trk6Zi6fdz8Unv7PyyLK7q', 'test12@gmail.com', 'artisan', NULL, NULL, '2023-10-28 01:11:04', '2023-10-28 01:11:04', NULL, NULL, NULL, 0, NULL),
	(8, 'test15', '$2y$04$VKzu3Tbb/DCWfddEWmS4I.ioyM4J41zXAeCrrSFKIE7F.WKUuMmtO', 'test15@gmail.com', 'artisan', NULL, NULL, '2023-10-28 01:17:50', '2023-10-28 01:17:50', NULL, NULL, NULL, 0, NULL),
	(9, 'azeazeaze', '$2y$04$nwUQxL4lHmbf.otWZv1jD.DUo930QW9Vu9Q20q2K8MJezYO3nNTt6', 'test16@gmail.com', 'artisan', NULL, NULL, '2023-10-28 01:18:40', '2023-10-28 01:18:40', NULL, NULL, NULL, 0, NULL),
	(10, 'test17', '$2y$04$HYbohko41TWXnlagIk7zo.VPtn.qG7jvWxsutkaCvrbwVE/VnmDMG', 'test17@gmail.com', 'artisan', NULL, NULL, '2023-10-28 01:33:32', '2023-10-28 01:33:32', NULL, NULL, NULL, 0, NULL),
	(11, 'test18', '$2y$04$HN3WFnVX9W/uil1Mt4edvOlec91T7KYQIXwPQ858fvQb8RojkYX5W', 'test18@gmail.com', 'artisan', NULL, NULL, '2023-10-28 01:35:00', '2023-10-28 01:35:00', NULL, NULL, NULL, 0, NULL),
	(12, 'test18', '$2y$04$343KHR8DkZhrTpZAjHyOCeyoQYFYYbYKV5sUHDWnFne.tZpNwxrmm', 'test18@gmail.com', 'artisan', NULL, NULL, '2023-10-28 01:49:14', '2023-10-28 01:49:14', NULL, NULL, NULL, 0, NULL),
	(13, 'client', '$2y$04$NGTML8HmPibhZiDhH7l0uO6Nt5.nJtHHoa2M6zdE7oG8yQVZF0Ng2', 'client@gmail.com', 'client', NULL, NULL, '2023-11-05 12:37:28', '2023-11-05 12:37:28', NULL, NULL, NULL, 0, NULL),
	(15, 'test101', '$2y$04$DnRvLKTDN4w0VJHJ/9FhjOzUi.GXwtppfZLPfODBM.Pii5squhGzu', 'teazkeo@gmail.com', 'artisan', NULL, NULL, '2023-11-05 14:16:37', '2023-11-05 14:16:37', NULL, NULL, NULL, 0, NULL),
	(17, 'oakesdfoak', '$2y$04$Kj6slfTGaMCWSeLRpefEcOC73yI.qYRbJ0zsuZcolbf9zBd5bm9He', 'aozkeajijzefra@gmail.com', 'artisan', NULL, NULL, '2023-11-05 14:33:33', '2023-11-05 14:33:33', NULL, NULL, NULL, 0, NULL),
	(18, 'test2aizokej', '$2y$04$O/qnsY/Ydxmf3R5s17lQC.5T8M2tl/yf9wv8nHrvnPQlqItnZAHr2', 'azekjaziojfa@gmail.com', 'artisan', NULL, NULL, '2023-11-05 14:39:19', '2023-11-05 14:39:19', NULL, NULL, NULL, 0, NULL),
	(20, 'jean2', '$2y$04$TErmNKhNzKj.8h1mKwvuHeRmjs/8rLs2wp92GhFR/u/2pfyfdmPni', 'jean2@gmail.com', 'artisan', NULL, NULL, '2023-11-05 17:16:48', '2023-11-05 17:16:48', NULL, NULL, NULL, 0, NULL),
	(21, 'Jean3', '$2y$04$wV7Nm17IpUl3Opb3Mqry7OX7ZaHZH5IaSKFHwpjZigV7YE/bGKFvi', 'jean3@gmail.com', 'craftsman', NULL, NULL, '2023-11-05 17:42:18', '2023-11-05 17:42:18', NULL, NULL, NULL, 0, NULL),
	(26, 'jean20', '$2y$04$5fxrWos7H8c5PCnRsKmyEO0a8F7BOXcWck.NzEGTjR9d4Oz0jD.vK', 'jean20@gmail.com', 'craftsman', NULL, NULL, '2023-11-06 00:11:49', '2023-11-06 00:11:49', NULL, NULL, NULL, 0, NULL),
	(27, 'jean21', '$2y$04$4XFDEix4b8YD5eEnmCav/.l8wntinuNSeh6jY3IOTxoTEh7m9m1u.', 'jean21@gmail.com', 'craftsman', NULL, NULL, '2023-11-06 00:12:12', '2023-11-06 00:12:12', NULL, NULL, NULL, 0, NULL),
	(28, 'jean25', '$2y$04$4x8HqMKD4GXrGwfP5LGuv.HMQ6DpLJgfPsVp0dzANWoCYFcviffWC', 'jean25@gmail.com', 'craftsman', NULL, NULL, '2023-11-06 00:20:06', '2023-11-06 00:20:06', NULL, NULL, NULL, 0, NULL),
	(29, 'a5ze1', '$2y$04$N4DyJmRmBFrDYY.aTGMFw.Qw/AVBBfBIedZNwJKLvJWy1GV1FIvIK', 'zekdjaiok@gmail.com', 'craftsman', NULL, NULL, '2023-11-06 00:21:19', '2023-11-06 00:21:19', NULL, NULL, NULL, 0, NULL),
	(30, 'tutu@gmail.com', '$2y$04$1PIT2H9sDIOXON81gdI0beP3FecpmamV0IugCQx7n3ShLD3sWHz1e', 'tutu@gmail.com', 'craftsman', NULL, NULL, '2023-11-06 00:22:01', '2023-11-06 00:22:01', NULL, NULL, NULL, 0, NULL),
	(31, 'tata', '$2y$04$pucIbigHg2/kos7LOikqqOO1wZF5lgEeostOGc0TaTM/5NBA5phLG', 'tata@gmail.com', 'craftsman', NULL, NULL, '2023-11-06 00:22:47', '2023-11-06 00:22:47', NULL, NULL, NULL, 0, NULL),
	(32, 'titi', '$2y$04$TaAndWwCxtDlxJwsPWO8a.iNT7321kJ1VbhRsVFS5Vs3ILWYFbHC.', 'titi@gmail.com', 'craftsman', NULL, NULL, '2023-11-06 00:23:58', '2023-11-06 00:23:58', NULL, NULL, NULL, 0, NULL),
	(33, 'yas', '$2y$04$MY6G6pmjakGm.VRv80LVTuvHKZFS7Fu9jTVL/hrpq0vnTIpKR6o3y', 'yas@gmail.com', 'craftsman', NULL, NULL, '2023-11-06 00:25:31', '2023-11-06 00:25:31', NULL, NULL, NULL, 0, NULL),
	(34, 'last', '$2y$04$3cW9/ytvHAK7v7h7fd7nr.gz5.gGAPKUUG6S67MbKgKld53LIUHMW', 'last@gmail.com', 'craftsman', NULL, NULL, '2023-11-06 00:39:10', '2023-11-06 00:39:10', NULL, NULL, NULL, 0, NULL),
	(35, 'lol1', '$2y$04$QNugZ4gljAWUp83lOCtWwOHBXZWp1OBtGnD9Rm2PFWVZMqh2Xmclq', 'lol1@gmail.com', 'craftsman', NULL, NULL, '2023-11-06 00:42:06', '2023-11-06 00:42:06', NULL, NULL, NULL, 0, NULL),
	(36, 'lol2', '$2y$04$VPQ96Qecr10ANLoNRnT0LedaD5yUmp3Drg0nzkaxWQz0vR1P6ZnY2', 'lol2@gmail.com', 'craftsman', NULL, NULL, '2023-11-06 00:44:04', '2023-11-06 00:44:04', NULL, NULL, NULL, 0, NULL),
	(37, 'lolol', '$2y$04$W9d50/hYlRqt/7bHPG60G.5nqgW2t1QzJsV92dZjFB2XcGi6BycKS', 'lolol@gmail.com', 'craftsman', NULL, NULL, '2023-11-06 01:01:13', '2023-11-06 01:01:13', NULL, NULL, NULL, 0, NULL),
	(38, 'lol15', '$2y$04$DrxM0.pRXXvfkur38g141u6jy0LKXxnPa8NfYr8xkqHszGHcJtCBi', 'lol15@gmail.com', 'craftsman', NULL, NULL, '2023-11-06 01:02:25', '2023-11-06 01:02:25', NULL, NULL, NULL, 0, NULL),
	(39, 'mama1', '$2y$04$3Yw2sjAdbqeFOpIuY15uve4EygzobmUX9/umjq638hCaOyNXQ5POO', 'mama1@gmail.com', 'craftsman', NULL, NULL, '2023-11-06 01:28:02', '2023-11-06 01:28:02', NULL, NULL, NULL, 0, NULL),
	(40, 'xxx1', '$2y$04$qqx4n14kKtA0fw.QSD5r..mbo2.6ErcaLOzvgVz4bDspw6i3grYC.', 'xxx1@gmail.com', 'craftsman', NULL, NULL, '2023-11-06 01:28:29', '2023-11-06 01:28:29', NULL, NULL, NULL, 0, NULL),
	(41, 'tata2', '$2y$04$kD6ZAwu5IGTGfdNv9xdKNecw9TlAKVtB.59eMRYFCAtELu95mo1.O', 'tata2@gmail.com', 'craftsman', NULL, NULL, '2023-11-06 01:29:29', '2023-11-06 01:29:29', NULL, NULL, NULL, 0, NULL),
	(42, 'tata3', '$2y$04$DvoygYWQ3WByN.dUzzadwe6mFU5uOz8.im84Zx7Qcfj4RtsbrTDp2', 'tata3@gmail.com', 'craftsman', NULL, NULL, '2023-11-06 01:30:12', '2023-11-06 01:30:12', NULL, NULL, NULL, 0, NULL),
	(43, 'tata4', '$2y$04$2kxPzh0m50yj6vy8wTb77u5Ce1BqCKApt.Oq5piiSlnWBtJWrzNRq', 'tata4@gmail.com', 'craftsman', NULL, NULL, '2023-11-06 01:30:54', '2023-11-06 01:30:54', NULL, NULL, NULL, 0, NULL),
	(44, 'izaej', '$2y$04$DL7uaRND/laXtBy7BxxLj.5Pk6qs464oIxo5xBLDW0DkcSQ86H9uC', 'azieja@gmail.com', 'craftsman', NULL, NULL, '2023-11-06 01:32:32', '2023-11-06 01:32:32', NULL, NULL, NULL, 0, NULL),
	(45, 'loleur', '$2y$04$fnQtZDumW9WnUQkBWAmdzOR7cniL6S9v7O6hVC3px5UC74NeIPrla', 'loleur@gmail.com', 'craftsman', NULL, NULL, '2023-11-06 01:33:42', '2023-11-06 01:33:42', NULL, NULL, NULL, 0, NULL),
	(46, 'lolad', '$2y$04$jEm0GoUeiXUHQBSkORgkpewCh.PrRxfWa9/RCjgsNXoh9IZUz/B7S', 'lolad@gmail.com', 'craftsman', NULL, NULL, '2023-11-06 01:34:12', '2023-11-06 01:34:12', NULL, NULL, NULL, 0, NULL),
	(47, 'lolad1', '$2y$04$YEcTg8FWK/K5MUjZOXY5NujSmMzDcWhJbWUqVP5oTKYv7dnJ7VIz.', 'lolad1@gmail.com', 'craftsman', NULL, NULL, '2023-11-06 01:34:51', '2023-11-06 01:34:51', NULL, NULL, NULL, 0, NULL),
	(48, 'test181', '$2y$04$nzlglRMt3qekIyi3zaMlSug6n34xEdykSSWXOaK5sxJKQVWMn/OQu', 'test181@gmail.com', 'craftsman', NULL, NULL, '2023-11-06 01:35:18', '2023-11-06 01:35:18', NULL, NULL, NULL, 0, NULL),
	(49, 'test2', '$2y$04$NPQ/7QxAzEkPDI5C8sM/weQ7itkwxYR19QGVIEDpvwRCVyrbcO3Ea', 'azejaiej@gmail.com', 'craftsman', NULL, NULL, '2023-11-06 01:35:45', '2023-11-06 01:35:45', NULL, NULL, NULL, 0, NULL),
	(50, 'te54r', '$2y$04$9TVwWe.0ElJwCKjQFdeX6OjZod2MVo2nbsJSbhz9jsh75BTw0LeCO', 'azpkagjiao@gmail.com', 'craftsman', NULL, NULL, '2023-11-06 01:36:55', '2023-11-06 01:36:55', NULL, NULL, NULL, 0, NULL),
	(51, 'iajzifajfi', '$2y$04$WyVwBkibcPiNcMTYUs5Kj.ifKNgpYGV3u6wNdW0iaSd2Zvnuy1KoW', 'gaokzejagmail@gmail.com', 'craftsman', NULL, NULL, '2023-11-06 01:39:48', '2023-11-06 01:39:48', NULL, NULL, NULL, 0, NULL),
	(52, 'teaijezai', '$2y$04$WfZyIJP4B4C/V.PNo575ou4hCREQxh.zMlJvU5axOC15U2vjIAZ76', 'aijzifajijaiejga@gmail.com', 'craftsman', NULL, NULL, '2023-11-06 01:47:15', '2023-11-06 01:47:15', NULL, NULL, NULL, 0, NULL),
	(53, 'aozeazoe', '$2y$04$7hLyTUaU93BnTrGxcsAzdOXcBjpXa9kl15vlS/QiqXl6Dg5A/PgSC', 'aozkeoazkeoa@gmail.com', 'craftsman', NULL, NULL, '2023-11-06 01:48:08', '2023-11-06 01:48:08', NULL, NULL, NULL, 0, NULL),
	(54, 'test2azea', '$2y$04$EkRNcrL5FRy3z1JdOLU1GuLguEJyeViQHtYCHeq.J4YILK1meMm1u', 'azezatavdza@gmail.com', 'craftsman', NULL, NULL, '2023-11-06 01:49:17', '2023-11-06 01:49:17', NULL, NULL, NULL, 0, NULL),
	(55, 'oazkeoae', '$2y$04$8aiXpMilPmHOx72o/4hJ/e.su71gxWy84mHt1w9PhhW1r1r2HoVki', 'ajzkaoikzpeaepa@gmail.com', 'craftsman', NULL, NULL, '2023-11-06 01:49:49', '2023-11-06 01:49:49', NULL, NULL, NULL, 0, NULL),
	(56, 'test2zzz', '$2y$04$BqpfDUJksGRHVSM5y7BPy./SA6CZHjdsZ7Hw1a7k/FLJJSW1t0J9e', 'zezaeazeza@gmail.com', 'craftsman', NULL, NULL, '2023-11-06 01:50:20', '2023-11-06 01:50:20', NULL, NULL, NULL, 0, NULL),
	(57, 'azazzazaa', '$2y$04$tiYUJdzZNVZEwS4LTfuOoe7ifFx8gRKJv7BTTls/YOGAvFqXhU132', 'azaazaa@gmail.com', 'craftsman', NULL, NULL, '2023-11-06 01:51:23', '2023-11-06 01:51:23', NULL, NULL, NULL, 0, NULL),
	(58, 'leroi', '$2y$04$1T2bVI2hh/aggIEYZAe.2uChYEH74TVi8zraWKsn.Dr3rK7tgJNBC', 'leroi@gmail.com', 'craftsman', NULL, NULL, '2023-11-06 01:52:57', '2023-11-06 01:52:57', NULL, NULL, NULL, 0, NULL),
	(59, 'lasttest', '$2y$04$ezllgX2WsBfIxUOWo.9UyebyISfpvmk64Xxy/A1a4tBUpzZJu5uvC', 'lasttest@gmail.com', 'craftsman', NULL, NULL, '2023-11-06 01:57:07', '2023-11-06 01:57:07', NULL, NULL, NULL, 0, NULL),
	(60, 'pet', '$2y$04$fYJCepC0KnLq2muW0Rob1u0dunpEziwijdgUx7V.J9VYHZagU8VMO', 'pet@gmail.com', 'craftsman', NULL, NULL, '2023-11-06 02:00:43', '2023-11-07 18:23:03', NULL, NULL, NULL, 0, NULL),
	(61, 'Kazae', '$2y$04$iZDrlaCCfsjbMiN2MwvEAOs5Wwb/rUp4imXIFb97xhE7lkPUDkBnW', 'Kazae@gmail.com', 'craftsman', NULL, NULL, '2023-11-07 22:10:28', '2023-11-09 07:23:55', NULL, NULL, NULL, 0, NULL),
	(62, 'Kazae2', '$2y$04$FZOoxE9F4VcJ4w1ejt.wZeo6xaR7MexEpFbiDJgiiUz4pj9bEU4p.', 'Kazae2@gmail.com', 'craftsman', NULL, NULL, '2023-11-08 04:39:37', '2023-11-08 04:39:37', NULL, NULL, NULL, 0, NULL),
	(63, 'Kazae3', '$2y$04$6Hy1zwaVAm6NPulGYWPygOy8I15uxxm1nQ2Pgmbv53QZO/heVhQwu', 'Kazae3@gmail.com', 'customer', NULL, NULL, '2023-11-09 08:39:12', '2023-11-09 08:39:12', NULL, NULL, NULL, 0, NULL),
	(64, 'Kaztest', '$2y$04$MbJqJ4rTUUzV2RvlAiPb8e4gzQsJHbTaavoA4dT8GBpOG760oZTUG', 'Kaztest@gmail.com', 'craftsman', NULL, NULL, '2023-11-12 18:39:05', '2023-11-12 18:39:05', NULL, NULL, NULL, 0, NULL),
	(65, 'testachat', '$2y$04$v6BvZzMZLUqL2AWmKnWSl.k0gL1PcZ1I/p.5TC/7b4lIWTeNeCYwm', 'testachat@gmail.com', 'craftsman', NULL, NULL, '2023-11-12 21:35:10', '2023-11-12 21:35:10', NULL, NULL, NULL, 0, NULL),
	(66, 'Lareine', '$2y$04$lk5LN0UdRa3zSaMC5txxaOx.mwtZBNpCDRj2RVRYQfw7.wGUFWzxi', 'Lareine@gmail.com', 'craftsman', NULL, NULL, '2023-11-13 13:29:10', '2023-11-13 13:29:10', NULL, NULL, NULL, 0, NULL),
	(67, 'adress', '$2y$04$5fYKGF8b9YuiCR9Svkf7JOEoCqlib2HNN4t0HEVFf5ShAkPJ6rn/G', 'adress@gmail.com', 'craftsman', NULL, NULL, '2023-11-13 19:03:27', '2023-11-13 19:03:27', NULL, NULL, NULL, 0, NULL),
	(68, 'Nouveau', '$2y$04$0CT.Taiue2IcKTPoJ1Lbie.XgNsHxo1fMF/.Php5X.eD.CaZxj1MO', 'Nouveau@gmail.com', 'craftsman', NULL, NULL, '2023-11-13 19:06:54', '2023-11-13 19:25:03', NULL, NULL, NULL, 0, NULL),
	(69, 'az123', '$2y$04$IV6LZHLMzlzldx0gIslzIumhp1TrFcTdDBoMVIrZ4UpELEm9qXm..', 'az123@gmail.com', 'craftsman', NULL, NULL, '2023-11-14 08:38:47', '2023-11-14 08:38:47', NULL, NULL, NULL, 0, NULL),
	(70, 'titi1', '$2y$04$kukIKvrbzuB6UMEDXhwUuu1BbY6xMVsZeJBmKfn/m7rP03xtRWywW', 'titi1@gmail.com', 'craftsman', NULL, NULL, '2023-11-14 08:43:34', '2023-11-14 08:43:34', NULL, NULL, NULL, 0, NULL),
	(71, 'Testfinal', '$2y$04$/TOESQSGvu4dJLlRnlBUweNoj9Zmz2NHgItbbCFYPekWsQDUZzo6S', 'Testfinal@gmail.com', 'craftsman', NULL, NULL, '2023-11-14 13:14:01', '2023-11-14 13:16:59', NULL, NULL, NULL, 0, NULL),
	(72, 'test500', '$2y$04$hfVxgTGQ3ajTbMmb6MMsPuaBuUsu.g2J9uN0OsiUlpHsOpgqOmXV2', 'test500@gmail.com', 'craftsman', NULL, NULL, '2023-11-14 13:33:44', '2023-11-14 13:33:44', NULL, NULL, NULL, 0, NULL),
	(73, 'test400', '$2y$04$TI2BPHJqF/6lsOtw2pQZzOHIES8fLK5GllPXTpdQTgfav78o9fxOK', 'test400@gmail.com', 'craftsman', NULL, NULL, '2023-11-14 16:41:59', '2023-11-14 16:41:59', NULL, NULL, NULL, 0, NULL),
	(74, 'test100', '$2y$04$JkWRjmz7eZSB0ln16K3CUumzZhqtf3651tr/vU681R8SBYnlACcYW', 'test100@gmail.com', 'craftsman', NULL, NULL, '2023-11-14 18:12:31', '2023-11-14 18:12:31', NULL, NULL, NULL, 0, NULL),
	(75, 'test144', '$2y$04$Fh2ud.evk8kgg.l.9rfzze07tKzPK0jsi6YiRYa6W/uX1tzsO3nMm', 'test144@gmail.com', 'craftsman', NULL, NULL, '2023-11-14 19:58:36', '2023-11-14 19:58:36', NULL, NULL, NULL, 0, NULL),
	(76, 'Arnu', '$2y$04$NHAxZUQuTm2HWPBfK4xg1OKVwi9uLMsRcdSl3M5y9MeWqls4UGzAS', 'Arnu@gmail.com', 'craftsman', NULL, NULL, '2023-11-14 21:51:43', '2023-11-14 21:51:43', NULL, NULL, NULL, 0, NULL),
	(77, 'Kaz15', '$2y$04$LFTxkXAoTEugSdnXHlhVIeomP29KUGqtSfAo3S6tf6AFG8LFrYICm', 'Kaz15@gmail.com', 'craftsman', NULL, NULL, '2023-11-16 11:25:30', '2023-11-16 11:25:30', NULL, NULL, NULL, 0, NULL),
	(78, 'Login1', '$2y$04$zPM/yYv.MQSuCsfXHhaEYOby1rJLpp7.qDZhJB.kKTt7TU3J6/G/y', 'Login1@gmail.com', 'craftsman', NULL, NULL, '2023-11-16 22:50:31', '2023-11-16 22:50:31', NULL, NULL, NULL, 0, NULL),
	(79, 'Anonyme2981', '$2y$04$xGKPai/p4gWS8KOQtLzuTuvexTf0/SY3DGtebd6JEvsYVghsGcy4S', 'anonyme4485@example.com', 'craftsman', '2023-11-23 17:29:29', NULL, '2023-11-19 19:06:59', '2023-11-23 23:09:02', 108, NULL, NULL, 0, NULL),
	(80, 'DeletedUser1361', '$2y$04$/nyqxzxYPvODLC1dBJohbepJSVKNPe0.3tNJjfcGH3WyKHSosuYb2', 'anonyme1627@example.com', 'craftsman', '2023-11-23 23:22:26', NULL, '2023-11-21 09:48:14', '2023-11-23 23:24:02', 117, 118, NULL, 0, NULL),
	(81, 'DeletedUser3270', '$2y$04$dxPFUjBbcC5V9FZoRth.uOkcsBBy6Rkw0hP.05ZeSeZ/puNsT3182', 'anonyme3791@example.com', 'craftsman', '2023-11-23 23:27:43', NULL, '2023-11-21 20:32:37', '2023-11-23 23:28:08', 120, 119, NULL, 0, NULL),
	(82, 'DeletedUser4158', '$2y$04$mOnqn.fXH6IY.FWaUjBNFePH8o7jxgSoSfn7ceTnb/hJo79cwjVwi', 'anonyme5747@example.com', 'craftsman', '2023-11-23 23:55:26', NULL, '2023-11-22 10:01:19', '2023-11-24 00:27:54', NULL, NULL, NULL, 0, NULL),
	(83, 'Final123', '$2y$04$SBp5BrvIPNSqvdFiOWOxXeXJPV2ZjHHZSSh/bIu0Am.5CYJR5DCae', 'Final123@gmail.com', 'craftsman', '2023-11-23 10:16:37', NULL, '2023-11-23 10:16:26', '2023-11-23 10:19:17', 122, 121, NULL, 0, NULL),
	(84, 'test88', '$2y$04$sWEWFXnUzsr6wEsJwxCFr.k4Aou8r1B2QgDcjbk.yx4EQsRknW0O.', 'test88@gmail.com', 'craftsman', '2023-11-23 10:29:48', NULL, '2023-11-23 10:29:37', '2023-11-23 13:48:45', NULL, 124, NULL, 0, NULL),
	(85, 'test66', '$2y$04$nGVHyZS1pkLmvkphZdTW..SnTLWwNaKO8JBJKCVNbXDiduW/G28zy', 'test66@gmail.com', 'craftsman', '2023-11-23 16:47:39', NULL, '2023-11-23 14:08:09', '2023-11-23 16:47:39', NULL, NULL, NULL, 0, NULL),
	(86, 'DeletedUser1733', '$2y$04$CMAUV9nsJkShTGuMGfEkROV4DwayqKONeFrli6DX7o7taLSQU9i1O', 'anonyme1260@example.com', 'craftsman', '2023-11-24 00:33:16', NULL, '2023-11-24 00:32:57', '2023-11-24 00:34:17', NULL, NULL, NULL, 0, NULL),
	(87, 'DeletedUser2330', '$2y$04$U2KIOjswuXLj0.v46HHhie1BLk5weKAeGnfE.yXIeRHt7zQPkHD9e', 'anonyme7008@example.com', 'craftsman', '2023-11-24 00:40:47', NULL, '2023-11-24 00:40:37', '2023-11-24 00:49:29', NULL, NULL, NULL, 0, NULL),
	(88, 'Kazaze', '$2y$04$lttlSW72IabQUs7iF/zbOe5/F0yA8nvMYMtQg6ykGun2AMdSeJnYe', 'kazUser@gmail.com', 'craftsman', '2023-11-24 00:57:59', NULL, '2023-11-24 00:57:50', '2023-11-24 02:42:28', 129, 130, NULL, 0, NULL),
	(89, 'tes1', '$2y$04$gvqFmGgwM.MfjZDKnL/TrenLps9yx3sPWm9bXam45szGJfNddUv0q', 'tes1@gmail.com', 'craftsman', '2023-11-24 12:22:43', NULL, '2023-11-24 12:22:30', '2023-11-24 12:22:43', NULL, NULL, NULL, 0, NULL),
	(90, 'DeletedUser5638', '$2y$04$h066uI/OJ0j9hW2WvV9eFe1Lutw2eZnAGBiXfMG555IF2tcC15IvO', 'anonyme5931@example.com', 'customer', '2023-11-24 12:23:34', NULL, '2023-11-24 12:23:22', '2023-11-24 12:28:24', NULL, NULL, NULL, 0, NULL),
	(91, 'tes3', '$2y$04$RMjaWoOm/U4lzGRF9umDReSdybbE3tzAc94LQXXVnVXvp5kEIp0ja', 'tes3@gmail.com', 'craftsman', '2023-11-28 17:55:08', NULL, '2023-11-24 12:37:37', '2023-11-28 17:55:08', 131, 132, NULL, 0, NULL),
	(92, 'CustomerTest', '$2y$04$TUHB72HlqdvDR7ZkRV8SbuCPgPxnar6aRIAtN6hett7b6YfDWlU5e', 'CustomerTest@gmail.com', 'customer', '2023-11-27 16:05:08', NULL, '2023-11-27 06:36:32', '2023-11-27 16:05:08', NULL, NULL, NULL, 0, NULL),
	(93, 'testslot', '$2y$04$HpMFJPnO5hrVEQd.oaqh0ey29mtGo6F56WOdaCX8c/PBanRyYhi0S', 'testslot@gmail.com', 'craftsman', '2023-11-30 14:04:39', NULL, '2023-11-29 11:13:19', '2023-11-30 14:04:39', 133, 134, NULL, 0, NULL),
	(94, 'DeletedUser2390', '$2y$04$/w0lxqn4CPJDrudjD4ntROICyHgCGx2oj0LEGyxMncqlv/roKi/AG', 'anonyme5009@example.com', 'craftsman', '2023-12-01 04:47:34', NULL, '2023-11-30 14:19:01', '2023-12-03 00:26:39', 135, 136, NULL, 0, NULL),
	(95, 'Customer1', '$2y$04$4IFUOi0KTEWnc1/vkrWepuGhH8Hi6kp/PyrUpu9/4EntEWZ1gyBNe', 'Customer1@gmail.com', 'customer', '2023-12-01 04:46:36', NULL, '2023-11-30 21:53:30', '2023-12-01 04:46:36', NULL, NULL, NULL, 0, NULL),
	(96, 'DeletedUser3902', '$2y$04$ctL.TTIJIW4PCYL8CpgMSeVKQc2zbfYRFxG5kRuqsY5zt4MQDmWmG', 'anonyme7096@example.com', 'craftsman', '2023-12-03 00:51:22', NULL, '2023-12-03 00:51:09', '2023-12-03 00:57:48', NULL, NULL, NULL, 0, NULL),
	(97, 'DeletedUser6630', '$2y$04$R7.mO5y88Md1miQRhvZ..emKgAqUPJg8RXo.Oohw.KrLOEJfr.bWK', 'anonyme3853@example.com', 'craftsman', '2023-12-03 01:09:46', NULL, '2023-12-03 01:09:35', '2023-12-03 01:11:10', NULL, NULL, NULL, 0, NULL),
	(98, 'DeletedUser8430', '$2y$04$3p3J5mYokcoiL.nU033m..WjcTnubVS39OIQS7yWW1VJ4ISV2iV3S', 'anonyme5066@example.com', 'craftsman', '2023-12-03 01:14:33', NULL, '2023-12-03 01:14:21', '2023-12-03 01:17:38', NULL, NULL, NULL, 0, NULL),
	(99, 'DeletedUser2901', '$2y$04$ngw5iyXCQvGMJhwoep9.XeC8wQdpC29mfuXXXWa63qiu1FdiOwgna', 'anonyme7711@example.com', 'craftsman', '2023-12-03 01:25:57', NULL, '2023-12-03 01:25:49', '2023-12-03 01:26:43', NULL, NULL, NULL, 0, NULL),
	(100, 'DeletedUser1634', '$2y$04$ltWkmDHBrOUMNnZjN4UBmu2JD9Arsstv5E5fDCitivfpSI72M5YZG', 'anonyme6169@example.com', 'craftsman', '2023-12-03 01:36:19', NULL, '2023-12-03 01:36:11', '2023-12-03 01:37:20', NULL, NULL, NULL, 0, NULL),
	(101, 'DeletedUser7585', '$2y$04$N2qAcSzBqgC6X6quisrFS.05szXTr4gGy/RStFsGtluvt8.Cxe2SW', 'anonyme2826@example.com', 'craftsman', '2023-12-03 01:40:24', NULL, '2023-12-03 01:40:15', '2023-12-03 01:47:15', NULL, NULL, NULL, 0, NULL),
	(102, 'DeletedUser1845', '$2y$04$CtdnR5xWUrNL7crJwHtgsO6cLRAe.2q/sxpFonIlzsIUK.NQXS3LG', 'anonyme9109@example.com', 'craftsman', '2023-12-03 01:48:27', NULL, '2023-12-03 01:48:17', '2023-12-03 01:54:27', 138, 139, NULL, 0, NULL),
	(103, 'Admin1', '$2y$04$nvfHD1NkHnP1mQK43.fYieYVq6W3h1gKYY2ofs9EZSJ1er4oOuQAG', 'Admin1@gmail.com', 'craftsman', '2023-12-03 02:55:24', NULL, '2023-12-03 02:30:36', '2023-12-03 02:55:24', NULL, NULL, NULL, 0, NULL),
	(104, 'TestKaz', '$2y$04$u.x2qeuiuCrczte33UjNKuQYbmrZSQYftJn.A5TI2dWG62KmaNU7C', 'TestKaz@gmail.com', 'customer', '2023-12-03 03:11:22', NULL, '2023-12-03 03:11:09', '2023-12-03 03:11:22', NULL, NULL, NULL, 0, NULL),
	(105, 'testtoken', '$2y$04$PxJtc8K5Q2/ouWdCSWiFjehjqZU/uKBaa/CadEitArwacuD45agj.', 'testtoken@gmail.com', 'craftsman', '2023-12-03 03:25:40', NULL, '2023-12-03 03:24:51', '2023-12-03 03:25:52', NULL, NULL, NULL, 1, NULL),
	(106, 'Testauth', '$2y$04$Xksmb/89cLr/WC4nGubtaunjklJ.JLR.pYddsVB1yhuekWfWP6yMe', 'Testauth@gmail.com', 'craftsman', '2023-12-03 03:40:54', NULL, '2023-12-03 03:39:36', '2023-12-03 03:40:54', NULL, NULL, NULL, 1, NULL),
	(107, 'testTokenduration', '$2y$04$met1Q7p1XosRFkbqkG8Qc.fi3VxQz2bdt/vP21PPg4vLDvV2zmOg.', 'testTokenduration@gmail.com', 'craftsman', NULL, NULL, '2023-12-03 03:52:31', '2023-12-03 03:52:31', NULL, NULL, '78c89c6239ddbe561561b8f4472641598fa0d965b176764647699c3297e90cf6', 0, '2023-12-03 03:53:31'),
	(108, 'testTokenduration1', '$2y$04$dMe7f60842Zw3NwXTH5HF.l89Chi7CREmcK6frJJnooRy.aNoGUMG', 'testTokenduration1@gmail.com', 'craftsman', NULL, NULL, '2023-12-03 03:53:27', '2023-12-03 03:54:03', NULL, NULL, NULL, 1, NULL),
	(109, 'testTokenduration22', '$2y$04$jVC20XihEgfhEpbJSmjlJufb2Tq/w0MMG9oVaU6a.S79pGfJH2RJe', 'testTokenduration22@gmail.com', 'craftsman', '2023-12-03 03:55:48', NULL, '2023-12-03 03:55:07', '2023-12-03 03:55:48', NULL, NULL, NULL, 1, NULL),
	(110, 'testTokenduration3', '$2y$04$ZG3OtozXRBXS8cBWCCuIt.yNjFNxvFHYMBwcswIwnB1Wlb21JrJLu', 'testTokenduration3@gmail.com', 'craftsman', NULL, NULL, '2023-12-03 03:56:30', '2023-12-03 03:56:30', NULL, NULL, '9d1d94ea187dd9fa1da1d81bd73b06b3a5f52b5661f1d5a164db295a0c10f290', 0, '2023-12-03 03:57:30'),
	(111, 'testauuth1', '$2y$04$uXWDyQJBM1NFlFCnU0aKKuUSrBk3MlNW0ADEN6sH7EdCIcEMC/Fs6', 'testauuth1@gmail.com', 'craftsman', NULL, NULL, '2023-12-03 04:00:53', '2023-12-03 04:00:53', NULL, NULL, 'd29c5b045e4da84b334fb7adf5e8b7165ee00be96df1953f4ea8251f4975c95d', 0, '2023-12-03 04:01:53'),
	(112, 'testtimer', '$2y$04$/JODyUs/zxLKGrXW2ccDU.pkRtyAdlFaZeGsE7Pkbck7Z.6lMOPR.', 'testtimer@gmail.com', 'craftsman', NULL, NULL, '2023-12-03 04:02:27', '2023-12-03 04:02:27', NULL, NULL, '7812444a9dc9a3d636728f9a71acad702cda3d8ba30137eabf0e8afdef6c3eab', 0, '2023-12-03 04:03:27'),
	(113, 'testlog', '$2y$04$JUcRqH56TOFsDNBEFXJoceEn/WLi6DkwPJi1OHRfwEV5fkP8wxKeG', 'testlog@gmail.com', 'craftsman', '2023-12-03 04:08:19', NULL, '2023-12-03 04:07:34', '2023-12-03 04:08:19', NULL, NULL, NULL, 1, NULL),
	(114, 'LOLOL', '$2y$04$anKH7Gmx9/GPDdP.XPtQn.fnLd7xBldKplTgTxB1BP/3KrEblQ6ei', 'LOLOL@gmail.com', 'craftsman', NULL, NULL, '2023-12-03 04:11:37', '2023-12-03 04:11:37', NULL, NULL, '5bdaa3b14a323678194a748937db55aa2ffa29d3a22b72b46109792c9fe5323d', 0, '2023-12-03 04:12:37'),
	(115, 'LOLOL', '$2y$04$DM/xUmWuNgXHNKHXoO7eUOcDy3q1NnJl9yWmUnRclRRNsYBQiIKbi', 'LOLOL@gmail.com', 'craftsman', NULL, NULL, '2023-12-03 04:12:29', '2023-12-03 04:12:52', NULL, NULL, NULL, 1, NULL),
	(116, 'LOLOL', '$2y$04$0zj0pN0qaLDYy53018IcueaJEboW7q2J7V1Wl.hcvLHFIRjtmom2q', 'LOLOL@gmail.com', 'craftsman', NULL, NULL, '2023-12-03 04:14:04', '2023-12-03 04:14:17', NULL, NULL, NULL, 1, NULL),
	(117, 'Kazae44', '$2y$04$mSkoj2EeCnip05Fq6d7N2OKOeEBZTNKUm/pdrQhu9b4k.OWBBd.mO', 'Kazae44@gmail.com', 'craftsman', '2023-12-03 04:15:58', NULL, '2023-12-03 04:15:06', '2023-12-03 04:15:58', NULL, NULL, NULL, 1, NULL),
	(118, 'Kazz55', '$2y$04$nRvMbQwICNkZ7pl4C6IH2uOYVOGvywB6IczjXxw.IWJErTXm.o/E.', 'Kazz55@gmail.com', 'craftsman', NULL, NULL, '2023-12-03 04:16:32', '2023-12-03 04:16:41', NULL, NULL, NULL, 1, NULL),
	(119, 'Kazzz44', '$2y$04$8uH472iwx.8lLZpuIh0OtuPLeMr4T1xWkUTF7uAIPnJN.gP1XH1/S', 'Kazzz44@gmail.com', 'craftsman', NULL, NULL, '2023-12-03 04:17:03', '2023-12-03 04:17:03', NULL, NULL, 'b98387c6f094fae2b1827693b77a10ed5945afddb773f4fdc947b8d3678e86e4', 0, '2023-12-03 04:18:03'),
	(120, 'Kazzz444', '$2y$04$.QMAyX2ozRMKCflrd9nk5.BT.OvSxhNGv1IzrufYUl3jDMqPxdDbK', 'Kazzz444@gmail.com', 'craftsman', NULL, NULL, '2023-12-03 04:17:28', '2023-12-03 04:17:40', NULL, NULL, NULL, 1, NULL),
	(121, 'DeletedUser5145', '$2y$04$9iRloXWk0xjBAlM4CWr4OeBStEXxiXCDy.qHY/xKOwWpiD6D9HoT2', 'anonyme9513@example.com', 'craftsman', '2023-12-03 04:29:44', NULL, '2023-12-03 04:28:57', '2023-12-03 04:35:53', 140, NULL, NULL, 1, NULL),
	(122, 'testresend', '$2y$04$el.j4UERBM0WMm.0xbBkxux4vU6e4GsTv4WmwQAMiM0EJy2QIA43W', 'testresend@gmail.com', 'craftsman', '2023-12-03 05:12:57', NULL, '2023-12-03 04:54:16', '2023-12-03 05:12:57', NULL, NULL, NULL, 1, NULL),
	(123, 'testfinalaaa', '$2y$04$prXGPEuWd5PcH0ti8UBN4e.86CHx3eO4gRLUSAqeB1xo1S.o4srdG', 'testfinalaaa@gmail.com', 'craftsman', NULL, NULL, '2023-12-03 05:07:51', '2023-12-03 05:07:51', NULL, NULL, 'a6e7fcae3168695ed8eb2172183322fc34ae463f747f31980c26710bc2b9376b', 0, '2023-12-03 05:08:51'),
	(124, 'lolollaa', '$2y$04$.ZP9BRzajXMbSf1IcOW.2uRqBYxhZU4D3mIliUsGYlWyEMHS3fImC', 'lolollaa@gmail.com', 'craftsman', '2023-12-05 16:26:44', NULL, '2023-12-03 05:13:44', '2023-12-05 16:26:44', 141, NULL, NULL, 1, NULL),
	(125, 'LOLOL47', '$2y$04$7zPuHzkfMgcNMlt.Se187eWxWeSp54yscfQ.7CsCHKLe9RKbs41Cm', 'Kazaeaze1@gmail.com', 'craftsman', NULL, NULL, '2023-12-03 20:37:07', '2023-12-03 20:37:07', NULL, NULL, 'ee42ce1751885be695ebfd66410ac0bbe6f53147141d203526616d2794592569', 0, '2023-12-03 20:38:07'),
	(126, 'LOLOLEE', '$2y$04$AWVH7bJYULVMBEfPSCu1Iu4bUyJZ9pqNo7wpinEJ9U/hCnJ34watm', 'Loleeee@gmail.com', 'craftsman', '2023-12-04 05:17:05', NULL, '2023-12-03 21:24:32', '2023-12-04 05:17:05', NULL, NULL, NULL, 1, NULL),
	(127, 'KazaePrince', '$2y$04$2902/Xv20NyVfKZ4i9MS/eZPgAfxyXJWgAQQuFHNEIOa.tD28hlIq', 'KazaePrince@gmail.com', 'craftsman', NULL, NULL, '2023-12-04 14:59:36', '2023-12-04 14:59:36', NULL, NULL, '5d386c8af4e1e98157681abc18208ee8349add6a478ad0533734e16b09665423', 0, '2023-12-04 15:00:36'),
	(128, 'Kazae77', '$2y$04$OuzWaPOTI.fwSbIPVmlEAeboUvC.RJDqE51hDQv2M.MYz3flQsR0i', 'Kazae77@gmail.com', 'craftsman', NULL, NULL, '2023-12-04 15:00:25', '2023-12-04 15:00:25', NULL, NULL, '7fbdc3f12b59509f6736acd03658816db1286b9f3936831b543c526f39285896', 0, '2023-12-04 15:01:25'),
	(129, 'Kazae777', '$2y$04$ZHfFCV9F7Sh4zULph2trVuFtXxYm2iTzhXlJkzo.77AJ.xljmUbz6', 'Kazae777@gmail.com', 'craftsman', NULL, NULL, '2023-12-04 15:01:38', '2023-12-04 15:01:38', NULL, NULL, '65104891d9e0f8d6c08df17153885a4f7285f5353d5ffd7c6a9f0847a5977508', 0, '2023-12-04 15:02:38'),
	(130, 'Kazae7777', '$2y$04$86lICtsxu/Szy/RJjfu1xuLXCfWGPOrDIt8r8zqlkWnsYuDX4gJ9i', 'Kazae7777@gmail.com', 'craftsman', NULL, NULL, '2023-12-04 15:02:02', '2023-12-04 15:02:02', NULL, NULL, '1d4f60a1d754dcd4cc6ddeb6007e43268874f2215bf71be85eb5451ba8e74ed6', 0, '2023-12-04 15:03:02'),
	(131, 'Kaz6767', '$2y$04$jN/npWqm8rxj3E22WuRrzOZfWA.6d0Pe4J61eSCMqeexqAnHtjb2W', 'Kaz6767@gmail.com', 'craftsman', '2023-12-04 15:04:38', NULL, '2023-12-04 15:04:16', '2023-12-05 09:52:34', 142, NULL, NULL, 1, NULL),
	(132, 'Kazer', '$2y$04$3NS6PIOv5RMEq8GemSeQ8ukzqFzx0/OCMz.wkBK.yym8DRvLZASkS', 'Kazer@gmail.com', 'craftsman', NULL, NULL, '2023-12-05 13:15:53', '2023-12-05 13:16:05', NULL, NULL, NULL, 1, NULL),
	(133, 'Admin12', '$2y$04$Qfzl03yh7xgyan5Xeyee1eqG6Clf7tfX5ZzQQKWYIiZkryY1GuR/O', 'Admin12@gmail.com', 'craftsman', NULL, NULL, '2023-12-05 13:54:48', '2023-12-05 13:54:57', NULL, NULL, NULL, 1, NULL),
	(134, 'Kaz889', '$2y$04$h6ks53ynl7kcoABhUZfEsOspRmyJscG.dxGElQS0SpQgKfknCws5C', 'Kaz889@gmail.com', 'craftsman', NULL, NULL, '2023-12-05 14:25:41', '2023-12-05 16:01:28', NULL, NULL, '822e37d0d9c39cfeb22d3e741163eac5be5f57de7f5a57b8ad94e40055cda963', 0, '2023-12-05 16:02:28'),
	(135, 'Kaz7774', '$2y$04$F6IeDc0cmldXTgxNFmpITe2t4ApI3TOta/sR6upfJxl1aRaq1klk.', 'Kaz7774@gmail.com', 'craftsman', '2023-12-05 16:04:50', NULL, '2023-12-05 16:03:42', '2023-12-05 16:04:50', NULL, NULL, NULL, 1, NULL),
	(136, 'Testtest123321', '$2y$04$v/1l3Lo5Jg.7J.qTKhpBjud.I9AdTAoUFRAaGZ1QwW/E/V3XNKGdK', 'Testtest123321@ezaeza.com', 'craftsman', NULL, NULL, '2023-12-05 16:13:28', '2023-12-05 16:13:46', NULL, NULL, NULL, 1, NULL),
	(137, 'Test7789', '$2y$04$6OA2wprrakwNMtjYKRwgiunVZ/4ICdNxW3PIVrRyL.ib8.2OXATeS', 'Test7789@gmail.com', 'craftsman', '2023-12-05 16:15:28', NULL, '2023-12-05 16:14:32', '2023-12-05 16:15:28', NULL, NULL, NULL, 1, NULL),
	(138, 'DeletedUser5310', '$2y$04$NA.scFgUYGv6b6AU8FKVm.wGWXa9JYiPJv/gugUddNzC6xOibWCGS', 'anonyme1241@example.com', 'craftsman', '2023-12-05 16:16:13', NULL, '2023-12-05 16:15:51', '2023-12-05 16:22:27', NULL, NULL, NULL, 1, NULL),
	(139, 'DeletedUser8676', '$2y$04$MV.92joNZXh6Q4wKMoaQa.DnhPCcGX1ChmCYPR/6DAUy276d2oO6y', 'anonyme7982@xxx.x', 'craftsman', '2023-12-16 18:42:26', 'anonyme.png', '2023-12-05 20:23:56', '2023-12-16 18:44:07', 144, NULL, NULL, 0, NULL),
	(140, 'DeletedUser2955', '$2y$04$U7A8GAwdV73ij7A10KVdzOb08y55bxtqSVbiG.GnhrbC2JQJMJF3W', 'anonyme8619@xxx.x', 'craftsman', '2023-12-11 06:00:53', NULL, '2023-12-06 12:08:53', '2023-12-11 06:01:07', 146, 145, NULL, 0, NULL),
	(141, 'DeletedUser2319', '$2y$04$QE5PKGk4.vOU8R69igZHtecyENXuYhP4WkzT03xW50/5RWpis38dm', 'anonyme6624@example.com', 'craftsman', '2023-12-06 21:14:18', NULL, '2023-12-06 21:14:05', '2023-12-06 21:14:27', NULL, NULL, NULL, 1, NULL),
	(142, 'DeletedUser5497', '$2y$04$HGtZOqK5YPgohHtNs1LqR.9x3ugwpvjxbT82p0B6Uk070dQ47AD4G', 'anonyme3251@example.com', 'craftsman', '2023-12-07 01:41:21', NULL, '2023-12-07 01:41:06', '2023-12-07 01:42:11', 147, NULL, NULL, 1, NULL),
	(143, 'DeletedUser7587', '$2y$04$vpyJ9pEhry83OX83krS.jOpMyoMHyb8bcfvmC3DsaWshnaTGBNEou', 'anonyme6101@example.com', 'craftsman', '2023-12-07 02:50:01', NULL, '2023-12-07 02:39:18', '2023-12-07 02:50:15', 148, NULL, NULL, 1, NULL),
	(144, 'DeletedUser5068', '$2y$04$ZvEfTRdRst9Yp1rfS58Z/epu1IZAn3FSo9nclMTi9lQQ9MwRcaPP2', 'anonyme9767@example.com', 'craftsman', '2023-12-07 02:57:46', NULL, '2023-12-07 02:46:06', '2023-12-07 03:02:00', 149, NULL, NULL, 1, NULL),
	(145, 'roi4', '$2y$04$84cGcRDsuWFGBd61S0FkM.MoZa7MvgA66IcNIZrosD6sz8eT883nu', 'roi4@gmail.com', 'craftsman', '2023-12-16 18:41:06', '698eee7230f00318bf59b92fb37d1c5e.png', '2023-12-07 02:54:05', '2023-12-16 18:42:02', 150, NULL, NULL, 1, NULL),
	(146, 'roi5', '$2y$04$3xAEzbAOkiu4AJU6STpNg.WicSqq4B77CeWbQ/8HaxWOsFPid64sW', 'roi5@gmail.com', 'craftsman', '2023-12-07 03:10:56', NULL, '2023-12-07 03:08:47', '2023-12-07 03:16:57', 151, NULL, NULL, 1, NULL),
	(147, 'reine1', '$2y$04$.GQaHyaK/0luDNdA3yAC8u6nwGDYTlElHUuuupkqnlkeN8D5Fllrm', 'reine1@gmail.com', 'craftsman', '2023-12-18 13:43:30', '03f3777779264f6eac0a008dfe648d51.webp', '2023-12-07 03:21:47', '2023-12-18 13:43:30', 153, NULL, NULL, 1, NULL),
	(148, 'DeletedUser3161', '$2y$04$NLzbxdKQrQwBNxPAUw/NruPyYZleI2kuo2AueL/jHXwa/2D06TfTe', 'anonyme7033@xxx.x', 'craftsman', '2023-12-15 03:38:55', 'anonyme.png', '2023-12-07 03:23:26', '2023-12-15 03:40:02', 152, NULL, NULL, 0, NULL),
	(149, 'DeletedUser4253', '$2y$04$jfKzUvHJ40yoRnf5nYV4VuzoAMijdyyhlqWYW53MCdBrn26RKIb0G', 'anonyme6253@xxx.x', 'craftsman', '2023-12-15 03:33:31', 'anonyme.png', '2023-12-07 03:28:25', '2023-12-15 03:34:44', 154, NULL, NULL, 0, NULL),
	(150, 'DeletedUser5379', '$2y$04$.lMohFoOwmnzYon3sujPzuUctbUhyc77g4SZdDcJ8WJb4Xj4vpB6m', 'anonyme1580@example.com', 'craftsman', '2023-12-07 03:34:47', NULL, '2023-12-07 03:30:51', '2023-12-07 03:34:52', NULL, NULL, NULL, 1, NULL),
	(151, 'DeletedUser9888', '$2y$04$GPVAmUVgnv7S4NbYk/5U5eRpZCZml3pfo8m6V.9PtSR77EdXw/L2q', 'anonyme7115@example.com', 'craftsman', '2023-12-07 03:36:07', NULL, '2023-12-07 03:31:43', '2023-12-07 03:36:22', 155, NULL, NULL, 1, NULL),
	(152, 'Prince1', '$2y$04$V3Vx6vtIKcHE3JFIQJR6VuiN6r0GY22ZtypDEcDz6YAe3hu7BR2WO', 'Prince1@gmail.com', 'craftsman', '2023-12-15 00:49:43', '404ca683cb999f3b44a607156f3df9d1.png', '2023-12-07 03:36:59', '2023-12-15 01:03:53', 156, NULL, NULL, 1, NULL),
	(153, 'DeletedUser1516', '$2y$04$4s/DvenFhWF.U9Upi.ocIuKyk/uZZt9FkrA6mtneVtp92MIFMoEDy', 'anonyme3391@example.com', 'craftsman', '2023-12-07 03:41:11', NULL, '2023-12-07 03:38:51', '2023-12-07 03:41:30', 157, NULL, NULL, 1, NULL),
	(154, 'DeletedUser9061', '$2y$04$xMHEEmyDTf7rMpOqcdcMqOsv0Z7zD77JxRYr1lsMkwAgD6TXxWVXa', 'anonyme5061@xxx.x', 'craftsman', '2023-12-09 16:35:00', NULL, '2023-12-09 16:23:59', '2023-12-09 16:35:20', 158, NULL, NULL, 0, NULL),
	(155, 'testachat1', '$2y$04$m2h2cb7YjSMyjyZvDeIedux.b6MsPzR1UAFvSwZBhmkt5A4khg19m', 'testachat1@gmail.com', 'craftsman', '2023-12-09 16:36:58', NULL, '2023-12-09 16:29:19', '2023-12-09 16:36:58', 159, NULL, NULL, 1, NULL),
	(156, 'DeletedUser1041', '$2y$04$jXwPaGwsrrJZA9aTLX3LhOLmbAbA.EYJp3.MtZa/Gqod8PzQn18O.', 'anonyme3514@xxx.x', 'craftsman', '2023-12-09 16:44:41', NULL, '2023-12-09 16:39:25', '2023-12-09 16:46:07', 160, NULL, NULL, 0, NULL),
	(157, 'DeletedUser6493', '$2y$04$EcxaaF/8Av/4pEBwh12L0OCNn6OD0aa5ADD3af2Ory9vGjVWs9VIq', 'anonyme1335@xxx.x', 'craftsman', '2023-12-09 18:05:14', NULL, '2023-12-09 16:43:15', '2023-12-09 22:47:44', 161, NULL, NULL, 0, NULL),
	(158, 'DeletedUser6035', '$2y$04$o08XYhbNKXXCxFjqXJpW3e0cVAI.mxRnTWJgz9oXs40ZWUHnnrqR2', 'anonyme4612@xxx.x', 'craftsman', '2023-12-18 03:51:11', 'anonyme.png', '2023-12-09 23:01:59', '2023-12-18 04:08:27', 189, NULL, NULL, 0, NULL),
	(159, 'DeletedUser7443', '$2y$04$eJhWNfwv20rECeRAMS2GO.vH03.Dm.ArlHhqgL70SR4ten5xEeGHy', 'anonyme2892@xxx.x', 'craftsman', '2023-12-18 08:43:45', 'anonyme.png', '2023-12-10 22:59:16', '2023-12-18 09:08:30', NULL, NULL, NULL, 0, NULL),
	(160, 'Custommer100', '$2y$04$hHPIiTqnJukPEyN4vkBJxOMW./zZnhwCAxNLLt12KsfxdQUlkwVKy', 'Custommer100@gmail.com', 'customer', '2023-12-15 03:02:47', '5f3929b4e2b02b27c7bc35b672ca1059.png', '2023-12-12 04:44:59', '2023-12-15 03:02:47', NULL, NULL, NULL, 1, NULL),
	(161, 'AdminPro', '$2y$04$MO4o0kyDvFucF1OUABAqP.lx3YQa0ezrnO5hkkrOXEnQ.aItIsWI6', 'AdminPro@gmail.com', 'craftsman', '2023-12-17 17:23:54', NULL, '2023-12-12 06:32:53', '2023-12-17 17:25:25', 179, 180, NULL, 1, NULL),
	(162, 'Fasen', '$2y$04$s2BY0jTAg0fXhCpwrOeZdeNrjYjmw1s91MS.sL4MdS7gaZs9ViO6W', 'Fasen@gmail.com', 'craftsman', NULL, NULL, '2023-12-15 00:30:37', '2023-12-15 00:30:37', NULL, NULL, '72aaba4922c8846e40de844e8604e61e2c111c7cf1bcfe3948bbbece5524c94d', 0, '2023-12-15 00:31:37'),
	(163, 'DeletedUser9286', '$2y$04$pAi0L1Ke1Evx3lu2kKjQOOiorXgyzWwKHBpRfbFv7Spi7jdbszMbW', 'anonyme1124@xxx.x', 'craftsman', '2023-12-15 01:13:03', 'bb914897067bd9e297bcb7522e1b403a.png', '2023-12-15 00:31:12', '2023-12-15 01:13:30', 183, 184, NULL, 0, NULL),
	(164, 'DeletedUser5949', '$2y$04$.C.GrkioG3z.WUF.h.ckLO7QOmhLGiwv4CGFbl0PhXfcvvlNkOPM.', 'anonyme1105@xxx.x', 'craftsman', '2023-12-15 01:15:48', NULL, '2023-12-15 01:15:39', '2023-12-15 01:17:27', NULL, NULL, NULL, 0, NULL),
	(165, 'Maman', '$2y$04$SA/Gt7Pk5ET1u0WMESxrM.mhJjYCOnoAXplkQs0fBbP/uQVNzcJP6', 'Maman@gmail.com', 'craftsman', '2023-12-22 14:38:44', NULL, '2023-12-16 18:46:42', '2023-12-22 14:38:44', 190, 191, NULL, 1, NULL),
	(166, 'AdminPro1', '$2y$04$8/gjGaf2xQgy5w1Yas8Ru.ZoKdJKKYkTkHFkRLAouY1DYicNB6hBC', 'AdminPro1@gmail.com', 'craftsman', NULL, NULL, '2023-12-17 17:59:48', '2023-12-17 17:59:48', NULL, NULL, 'a51999eb106221c78403f5e6a32f7cb9607b0dacc2666ccc6978f92c2349ec5d', 0, '2023-12-17 18:00:48'),
	(167, 'DeletedUser4832', '$2y$04$nBSFEbZShp2PHZMQ1QxvFe58IZh.ojZUHzMnSTVqmd/uiponDlMte', 'anonyme9877@xxx.x', 'craftsman', '2023-12-17 18:54:16', 'anonyme.png', '2023-12-17 18:00:18', '2023-12-17 18:55:35', 185, NULL, NULL, 0, NULL),
	(168, 'DeletedUser8100', '$2y$04$SY8XAMzXT6N01YfGViTMH.X1NRRl0cYrWQY9drcsjnUIKqcZqtoYC', 'anonyme1256@xxx.x', 'craftsman', '2023-12-18 02:35:45', 'anonyme.png', '2023-12-17 18:02:04', '2023-12-18 02:35:53', 186, NULL, NULL, 0, NULL),
	(169, 'DeletedUser4175', '$2y$04$8hWFzZdn.us/SzcK5eKjQOUCjqqqKcqiSGmooJU8T3iQNL2X3b5aS', 'anonyme4113@xxx.x', 'craftsman', '2023-12-17 18:13:49', 'anonyme.png', '2023-12-17 18:13:16', '2023-12-17 18:26:55', NULL, NULL, NULL, 0, NULL),
	(170, 'DeletedUser1653', '$2y$04$GZc.vc6LR8jE4ttfNZTpcuta2CoDa3HDgw5n5btqyN79FAchjMTZO', 'anonyme9838@xxx.x', 'craftsman', '2023-12-17 18:32:06', 'anonyme.png', '2023-12-17 18:31:51', '2023-12-17 18:46:29', NULL, NULL, NULL, 0, NULL),
	(171, 'DeletedUser8157', '$2y$04$E7Pbv52RJgb29hY3qW68Tu14i5zvk/t1p4DDL14R8W8csEp7a74E6', 'anonyme8182@xxx.x', 'craftsman', '2023-12-17 18:47:08', 'anonyme.png', '2023-12-17 18:46:54', '2023-12-17 18:51:39', NULL, NULL, NULL, 0, NULL),
	(172, 'DeletedUser3596', '$2y$04$CYuiunQm0w3t9ouVK/UolefrCvfAMpimvZQJLsFVU9GHCq65As80W', 'anonyme3763@xxx.x', 'craftsman', '2023-12-17 18:55:51', 'anonyme.png', '2023-12-17 18:52:12', '2023-12-17 18:57:59', 187, NULL, NULL, 0, NULL),
	(173, 'adminpro6', '$2y$04$xx3P3RuwqqJLsSCNZ8XtSO6V5fpFf8qPm85sp8Ewy5w/9KcjeB21e', 'adminpro6@gmail.com', 'craftsman', NULL, NULL, '2023-12-18 02:33:15', '2023-12-18 02:33:15', NULL, NULL, 'ab28a2a3de1867790084546370197b1075357fee1e35a7b8adc8e26c88b1b249', 0, '2023-12-18 02:34:15'),
	(174, 'DeletedUser7065', '$2y$04$sgdDrQ/lHEtnD5933ljmHuHi2zcegnKTeGrNqeN6/TIVwjskFIdpq', 'anonyme6696@xxx.x', 'craftsman', '2023-12-18 02:33:59', 'anonyme.png', '2023-12-18 02:33:45', '2023-12-18 02:34:46', 188, NULL, NULL, 0, NULL),
	(175, 'testpresentation', '$2y$04$xyNeKmTs3780y.nRZ6x/2ufIl2UzFz6KWEknQRL4bEuzgTKq3/NCu', 'testpresentation@gmail.com', 'customer', '2024-01-04 03:34:13', '41254b12226b4c868125f961c03c353a.jpg', '2023-12-18 22:36:02', '2024-01-04 03:34:13', NULL, NULL, NULL, 1, NULL),
	(176, 'Tiffany67', '$2y$04$qJfKWlI3b3qtoAedqKw9LeF.A8li6TmP0VRAiFWdGlInq/MX1Y5i.', 'Tiffany67@gmail.com', 'craftsman', '2024-01-06 19:57:04', 'cb8adc735f80987cda4d1030ee1b087f.jpg', '2023-12-30 16:00:32', '2024-01-08 00:50:49', 198, 193, NULL, 1, NULL),
	(177, 'DeletedUser2705', '$2y$04$nbIr6S7k1QR/eR6lxJw2guynfksjT4.HcDYMu02b/PyWVG.Yh0i9S', 'anonyme6374@xxx.x', 'craftsman', '2024-01-02 23:50:42', 'anonyme.png', '2024-01-02 23:49:59', '2024-01-02 23:51:42', NULL, 194, NULL, 0, NULL),
	(178, 'DeletedUser2332', '$2y$04$AbHHKQJYgYiMXJOiEgwxrOqzaIlU/nNqrjdrRuJV43bRcimIAI5La', 'anonyme9821@xxx.x', 'craftsman', '2024-01-02 23:52:14', 'anonyme.png', '2024-01-02 23:52:03', '2024-01-02 23:53:21', 195, NULL, NULL, 0, NULL),
	(179, 'DeletedUser9341', '$2y$04$hQ00n67tYn2JWUWWSw9.g.4Eq4rPVp2Z7B/IXtL5LwfaMdSg44AiS', 'anonyme1833@xxx.x', 'craftsman', '2024-01-08 00:40:19', 'anonyme.png', '2024-01-08 00:39:07', '2024-01-08 00:51:42', 196, 197, NULL, 0, NULL),
	(180, 'Exam', '$2y$04$cv/H/sjL/ll72OYnMBq7S.8tY.RwxWewX6YX9LL73p5Xsg2hPNNKi', 'Exam@gmail.com', 'craftsman', '2024-01-11 17:49:39', NULL, '2024-01-08 00:52:47', '2024-01-11 17:49:39', NULL, 199, NULL, 1, NULL),
	(181, 'DeletedUser5039', '$2y$04$hJgLHTxFigbHnf7//8kYAuWk3oI2kfr0ieEXa21mlp0mDp1zPsxt6', 'anonyme5570@xxx.x', 'craftsman', '2024-01-08 19:16:29', 'anonyme.png', '2024-01-08 17:52:51', '2024-01-08 22:24:15', 200, NULL, NULL, 0, NULL),
	(182, 'DeletedUser6541', '$2y$04$OMCyKg5YSGQruHt4NJxEm.G8F9J5ESNaM5V771yFYgc93ay2GGvOG', 'anonyme7386@xxx.x', 'craftsman', '2024-01-11 17:52:37', 'anonyme.png', '2024-01-11 17:52:25', '2024-01-11 18:13:03', 201, NULL, NULL, 0, NULL);

-- Listage de la structure de table projet. wishlist
CREATE TABLE IF NOT EXISTS `wishlist` (
  `id` int NOT NULL AUTO_INCREMENT,
  `user_id` int NOT NULL,
  `product_id` int NOT NULL,
  `added_at` datetime DEFAULT NULL COMMENT '(DC2Type:datetime_immutable)',
  PRIMARY KEY (`id`),
  KEY `IDX_9CE12A31A76ED395` (`user_id`),
  KEY `IDX_9CE12A314584665A` (`product_id`),
  CONSTRAINT `FK_9CE12A314584665A` FOREIGN KEY (`product_id`) REFERENCES `product` (`id`),
  CONSTRAINT `FK_9CE12A31A76ED395` FOREIGN KEY (`user_id`) REFERENCES `user` (`id`)
) ENGINE=InnoDB AUTO_INCREMENT=136 DEFAULT CHARSET=utf8mb4 COLLATE=utf8mb4_unicode_ci;

-- Listage des données de la table projet.wishlist : ~28 rows (environ)
INSERT INTO `wishlist` (`id`, `user_id`, `product_id`, `added_at`) VALUES
	(35, 94, 77, '2023-12-01 15:17:48'),
	(36, 94, 70, '2023-12-01 15:18:51'),
	(37, 94, 73, '2023-12-01 17:13:46'),
	(38, 94, 71, '2023-12-02 19:29:48'),
	(46, 126, 73, '2023-12-04 13:15:51'),
	(47, 126, 72, '2023-12-04 13:37:26'),
	(48, 126, 71, '2023-12-04 13:37:34'),
	(65, 131, 74, '2023-12-05 12:46:06'),
	(66, 135, 70, '2023-12-05 16:06:51'),
	(67, 135, 71, '2023-12-05 16:08:40'),
	(71, 124, 72, '2023-12-05 19:51:33'),
	(74, 140, 128, '2023-12-06 12:12:31'),
	(81, 158, 133, '2023-12-10 01:49:15'),
	(82, 159, 161, '2023-12-10 23:23:00'),
	(84, 159, 151, '2023-12-10 23:23:07'),
	(85, 159, 163, '2023-12-10 23:23:16'),
	(86, 160, 160, '2023-12-12 05:12:48'),
	(87, 160, 152, '2023-12-12 05:12:53'),
	(88, 161, 160, '2023-12-13 17:43:40'),
	(94, 152, 166, '2023-12-15 01:09:34'),
	(95, 152, 167, '2023-12-15 01:09:36'),
	(96, 164, 160, '2023-12-15 01:16:08'),
	(108, 147, 151, '2023-12-15 17:55:27'),
	(109, 147, 160, '2023-12-15 17:55:30'),
	(119, 172, 175, '2023-12-17 18:52:29'),
	(122, 165, 175, '2023-12-22 14:35:25'),
	(123, 165, 174, '2023-12-22 14:35:27'),
	(127, 176, 172, '2024-01-01 17:24:36');

/*!40103 SET TIME_ZONE=IFNULL(@OLD_TIME_ZONE, 'system') */;
/*!40101 SET SQL_MODE=IFNULL(@OLD_SQL_MODE, '') */;
/*!40014 SET FOREIGN_KEY_CHECKS=IFNULL(@OLD_FOREIGN_KEY_CHECKS, 1) */;
/*!40101 SET CHARACTER_SET_CLIENT=@OLD_CHARACTER_SET_CLIENT */;
/*!40111 SET SQL_NOTES=IFNULL(@OLD_SQL_NOTES, 1) */;
